Workbook

Sheet cover
B6: JRC-IDEES-2021 - Integrated Database of the European Energy System
C10: Belgium
C15: Industrial sectors
L28: Prepared by JRC C.6
L30: 45432.782
L31: v2021-1.00
B33: Legal Notice
B35: The information made available is property of the Joint Research Centre of the European Commission.
B36: Neither the European Commission nor any person acting on behalf of the Commission is responsible for the use which might be made of this information.
B38: Use conditions
B39: This work is licensed under
B40: CC BY 4.0

Sheet index
A1: BE | B1: Belgium
B3: Click on the link to jump to the sheet
B4: =HYPERLINK("#"&CELL("address",Ind_Summary!$B$2),MID(CELL("filename",Ind_Summary!$B$2),FIND("]",CELL("filename",Ind_Summary!$B$2))+1,256)) -> Ind_Summary | D4: Industrial sectors summary
B5: =HYPERLINK("#"&CELL("address",Ind_Summary_fec!$B$2),MID(CELL("filename",Ind_Summary_fec!$B$2),FIND("]",CELL("filename",Ind_Summary_fec!$B$2))+1,256)) -> Ind_Summary_fec | D5: split of final energy consumption
B6: =HYPERLINK("#"&CELL("address",Ind_Summary_ued!$B$2),MID(CELL("filename",Ind_Summary_ued!$B$2),FIND("]",CELL("filename",Ind_Summary_ued!$B$2))+1,256)) -> Ind_Summary_ued | D6: split of useful energy demand
B8: =HYPERLINK("#"&CELL("address",ISI!$B$2),MID(CELL("filename",ISI!$B$2),FIND("]",CELL("filename",ISI!$B$2))+1,256)) -> ISI | D8: Iron and steel
B9: =HYPERLINK("#"&CELL("address",ISI_fec!$B$2),MID(CELL("filename",ISI_fec!$B$2),FIND("]",CELL("filename",ISI_fec!$B$2))+1,256)) -> ISI_fec | D9: detailed split of final energy consumption
B10: =HYPERLINK("#"&CELL("address",ISI_ued!$B$2),MID(CELL("filename",ISI_ued!$B$2),FIND("]",CELL("filename",ISI_ued!$B$2))+1,256)) -> ISI_ued | D10: detailed split of useful energy demand
B11: =HYPERLINK("#"&CELL("address",ISI_emi!$B$2),MID(CELL("filename",ISI_emi!$B$2),FIND("]",CELL("filename",ISI_emi!$B$2))+1,256)) -> ISI_emi | D11: detailed split of CO2 emissions
B13: =HYPERLINK("#"&CELL("address",NFM!$B$2),MID(CELL("filename",NFM!$B$2),FIND("]",CELL("filename",NFM!$B$2))+1,256)) -> NFM | D13: Non-ferrous metals
B14: =HYPERLINK("#"&CELL("address",NFM_fec!$B$2),MID(CELL("filename",NFM_fec!$B$2),FIND("]",CELL("filename",NFM_fec!$B$2))+1,256)) -> NFM_fec | D14: detailed split of final energy consumption
B15: =HYPERLINK("#"&CELL("address",NFM_ued!$B$2),MID(CELL("filename",NFM_ued!$B$2),FIND("]",CELL("filename",NFM_ued!$B$2))+1,256)) -> NFM_ued | D15: detailed split of useful energy demand
B16: =HYPERLINK("#"&CELL("address",NFM_emi!$B$2),MID(CELL("filename",NFM_emi!$B$2),FIND("]",CELL("filename",NFM_emi!$B$2))+1,256)) -> NFM_emi | D16: detailed split of CO2 emissions
B18: =HYPERLINK("#"&CELL("address",CHI!$B$2),MID(CELL("filename",CHI!$B$2),FIND("]",CELL("filename",CHI!$B$2))+1,256)) -> CHI | D18: Chemical industry
B19: =HYPERLINK("#"&CELL("address",CHI_fec!$B$2),MID(CELL("filename",CHI_fec!$B$2),FIND("]",CELL("filename",CHI_fec!$B$2))+1,256)) -> CHI_fec | D19: detailed split of final energy consumption
B20: =HYPERLINK("#"&CELL("address",CHI_ued!$B$2),MID(CELL("filename",CHI_ued!$B$2),FIND("]",CELL("filename",CHI_ued!$B$2))+1,256)) -> CHI_ued | D20: detailed split of useful energy demand
B21: =HYPERLINK("#"&CELL("address",CHI_emi!$B$2),MID(CELL("filename",CHI_emi!$B$2),FIND("]",CELL("filename",CHI_emi!$B$2))+1,256)) -> CHI_emi | D21: detailed split of CO2 emissions
B23: =HYPERLINK("#"&CELL("address",NMM!$B$2),MID(CELL("filename",NMM!$B$2),FIND("]",CELL("filename",NMM!$B$2))+1,256)) -> NMM | D23: Non-metallic mineral products
B24: =HYPERLINK("#"&CELL("address",NMM_fec!$B$2),MID(CELL("filename",NMM_fec!$B$2),FIND("]",CELL("filename",NMM_fec!$B$2))+1,256)) -> NMM_fec | D24: detailed split of final energy consumption
B25: =HYPERLINK("#"&CELL("address",NMM_ued!$B$2),MID(CELL("filename",NMM_ued!$B$2),FIND("]",CELL("filename",NMM_ued!$B$2))+1,256)) -> NMM_ued | D25: detailed split of useful energy demand
B26: =HYPERLINK("#"&CELL("address",NMM_emi!$B$2),MID(CELL("filename",NMM_emi!$B$2),FIND("]",CELL("filename",NMM_emi!$B$2))+1,256)) -> NMM_emi | D26: detailed split of CO2 emissions
B28: =HYPERLINK("#"&CELL("address",PPA!$B$2),MID(CELL("filename",PPA!$B$2),FIND("]",CELL("filename",PPA!$B$2))+1,256)) -> PPA | D28: Pulp, paper and printing
B29: =HYPERLINK("#"&CELL("address",PPA_fec!$B$2),MID(CELL("filename",PPA_fec!$B$2),FIND("]",CELL("filename",PPA_fec!$B$2))+1,256)) -> PPA_fec | D29: detailed split of final energy consumption
B30: =HYPERLINK("#"&CELL("address",PPA_ued!$B$2),MID(CELL("filename",PPA_ued!$B$2),FIND("]",CELL("filename",PPA_ued!$B$2))+1,256)) -> PPA_ued | D30: detailed split of useful energy demand
B31: =HYPERLINK("#"&CELL("address",PPA_emi!$B$2),MID(CELL("filename",PPA_emi!$B$2),FIND("]",CELL("filename",PPA_emi!$B$2))+1,256)) -> PPA_emi | D31: detailed split of CO2 emissions
B33: =HYPERLINK("#"&CELL("address",FBT!$B$2),MID(CELL("filename",FBT!$B$2),FIND("]",CELL("filename",FBT!$B$2))+1,256)) -> FBT | D33: Food, beverages and tobacco
B34: =HYPERLINK("#"&CELL("address",FBT_fec!$B$2),MID(CELL("filename",FBT_fec!$B$2),FIND("]",CELL("filename",FBT_fec!$B$2))+1,256)) -> FBT_fec | D34: detailed split of final energy consumption
B35: =HYPERLINK("#"&CELL("address",FBT_ued!$B$2),MID(CELL("filename",FBT_ued!$B$2),FIND("]",CELL("filename",FBT_ued!$B$2))+1,256)) -> FBT_ued | D35: detailed split of useful energy demand
B36: =HYPERLINK("#"&CELL("address",FBT_emi!$B$2),MID(CELL("filename",FBT_emi!$B$2),FIND("]",CELL("filename",FBT_emi!$B$2))+1,256)) -> FBT_emi | D36: detailed split of CO2 emissions
B38: =HYPERLINK("#"&CELL("address",TRE!$B$2),MID(CELL("filename",TRE!$B$2),FIND("]",CELL("filename",TRE!$B$2))+1,256)) -> TRE | D38: Transport equipment
B39: =HYPERLINK("#"&CELL("address",TRE_fec!$B$2),MID(CELL("filename",TRE_fec!$B$2),FIND("]",CELL("filename",TRE_fec!$B$2))+1,256)) -> TRE_fec | D39: detailed split of final energy consumption
B40: =HYPERLINK("#"&CELL("address",TRE_ued!$B$2),MID(CELL("filename",TRE_ued!$B$2),FIND("]",CELL("filename",TRE_ued!$B$2))+1,256)) -> TRE_ued | D40: detailed split of useful energy demand
B41: =HYPERLINK("#"&CELL("address",TRE_emi!$B$2),MID(CELL("filename",TRE_emi!$B$2),FIND("]",CELL("filename",TRE_emi!$B$2))+1,256)) -> TRE_emi | D41: detailed split of CO2 emissions
B43: =HYPERLINK("#"&CELL("address",MAE!$B$2),MID(CELL("filename",MAE!$B$2),FIND("]",CELL("filename",MAE!$B$2))+1,256)) -> MAE | D43: Machinery equipment
B44: =HYPERLINK("#"&CELL("address",MAE_fec!$B$2),MID(CELL("filename",MAE_fec!$B$2),FIND("]",CELL("filename",MAE_fec!$B$2))+1,256)) -> MAE_fec | D44: detailed split of final energy consumption
B45: =HYPERLINK("#"&CELL("address",MAE_ued!$B$2),MID(CELL("filename",MAE_ued!$B$2),FIND("]",CELL("filename",MAE_ued!$B$2))+1,256)) -> MAE_ued | D45: detailed split of useful energy demand
B46: =HYPERLINK("#"&CELL("address",MAE_emi!$B$2),MID(CELL("filename",MAE_emi!$B$2),FIND("]",CELL("filename",MAE_emi!$B$2))+1,256)) -> MAE_emi | D46: detailed split of CO2 emissions
B48: =HYPERLINK("#"&CELL("address",TEL!$B$2),MID(CELL("filename",TEL!$B$2),FIND("]",CELL("filename",TEL!$B$2))+1,256)) -> TEL | D48: Textiles and leather
B49: =HYPERLINK("#"&CELL("address",TEL_fec!$B$2),MID(CELL("filename",TEL_fec!$B$2),FIND("]",CELL("filename",TEL_fec!$B$2))+1,256)) -> TEL_fec | D49: detailed split of final energy consumption
B50: =HYPERLINK("#"&CELL("address",TEL_ued!$B$2),MID(CELL("filename",TEL_ued!$B$2),FIND("]",CELL("filename",TEL_ued!$B$2))+1,256)) -> TEL_ued | D50: detailed split of useful energy demand
B51: =HYPERLINK("#"&CELL("address",TEL_emi!$B$2),MID(CELL("filename",TEL_emi!$B$2),FIND("]",CELL("filename",TEL_emi!$B$2))+1,256)) -> TEL_emi | D51: detailed split of CO2 emissions
B53: =HYPERLINK("#"&CELL("address",WWP!$B$2),MID(CELL("filename",WWP!$B$2),FIND("]",CELL("filename",WWP!$B$2))+1,256)) -> WWP | D53: Wood and wood products
B54: =HYPERLINK("#"&CELL("address",WWP_fec!$B$2),MID(CELL("filename",WWP_fec!$B$2),FIND("]",CELL("filename",WWP_fec!$B$2))+1,256)) -> WWP_fec | D54: detailed split of final energy consumption
B55: =HYPERLINK("#"&CELL("address",WWP_ued!$B$2),MID(CELL("filename",WWP_ued!$B$2),FIND("]",CELL("filename",WWP_ued!$B$2))+1,256)) -> WWP_ued | D55: detailed split of useful energy demand
B56: =HYPERLINK("#"&CELL("address",WWP_emi!$B$2),MID(CELL("filename",WWP_emi!$B$2),FIND("]",CELL("filename",WWP_emi!$B$2))+1,256)) -> WWP_emi | D56: detailed split of CO2 emissions
B58: =HYPERLINK("#"&CELL("address",OIS!$B$2),MID(CELL("filename",OIS!$B$2),FIND("]",CELL("filename",OIS!$B$2))+1,256)) -> OIS | D58: Other industrial sectors
B59: =HYPERLINK("#"&CELL("address",OIS_fec!$B$2),MID(CELL("filename",OIS_fec!$B$2),FIND("]",CELL("filename",OIS_fec!$B$2))+1,256)) -> OIS_fec | D59: detailed split of final energy consumption
B60: =HYPERLINK("#"&CELL("address",OIS_ued!$B$2),MID(CELL("filename",OIS_ued!$B$2),FIND("]",CELL("filename",OIS_ued!$B$2))+1,256)) -> OIS_ued | D60: detailed split of useful energy demand
B61: =HYPERLINK("#"&CELL("address",OIS_emi!$B$2),MID(CELL("filename",OIS_emi!$B$2),FIND("]",CELL("filename",OIS_emi!$B$2))+1,256)) -> OIS_emi | D61: detailed split of CO2 emissions

Sheet Ind_Summary
A1: =index!$A$1&": Industry Summary" -> BE: Industry Summary | B1: 2000 | C1: 2001 | D1: 2002 | E1: 2003 | F1: 2004 | G1: 2005 | H1: 2006 | I1: 2007 | J1: 2008 | K1: 2009 | L1: 2010 | M1: 2011 | N1: 2012 | O1: 2013 | P1: 2014 | Q1: 2015 | R1: 2016 | S1: 2017 | T1: 2018 | U1: 2019 | V1: 2020 | W1: 2021
A3: Value added (M€2015) | B3: =ISI!B$3+NFM!B$3+CHI!B$3+NMM!B$3+PPA!B$3+FBT!B$3+TRE!B$3+MAE!B$3+TEL!B$3+WWP!B$3+OIS!B$3 -> 70953.008 | C3: =ISI!C$3+NFM!C$3+CHI!C$3+NMM!C$3+PPA!C$3+FBT!C$3+TRE!C$3+MAE!C$3+TEL!C$3+WWP!C$3+OIS!C$3 -> 69950.383 | D3: =ISI!D$3+NFM!D$3+CHI!D$3+NMM!D$3+PPA!D$3+FBT!D$3+TRE!D$3+MAE!D$3+TEL!D$3+WWP!D$3+OIS!D$3 -> 69965.845 | E3: =ISI!E$3+NFM!E$3+CHI!E$3+NMM!E$3+PPA!E$3+FBT!E$3+TRE!E$3+MAE!E$3+TEL!E$3+WWP!E$3+OIS!E$3 -> 68476.569 | F3: =ISI!F$3+NFM!F$3+CHI!F$3+NMM!F$3+PPA!F$3+FBT!F$3+TRE!F$3+MAE!F$3+TEL!F$3+WWP!F$3+OIS!F$3 -> 70021.024 | G3: =ISI!G$3+NFM!G$3+CHI!G$3+NMM!G$3+PPA!G$3+FBT!G$3+TRE!G$3+MAE!G$3+TEL!G$3+WWP!G$3+OIS!G$3 -> 70565.322 | H3: =ISI!H$3+NFM!H$3+CHI!H$3+NMM!H$3+PPA!H$3+FBT!H$3+TRE!H$3+MAE!H$3+TEL!H$3+WWP!H$3+OIS!H$3 -> 70687.622 | I3: =ISI!I$3+NFM!I$3+CHI!I$3+NMM!I$3+PPA!I$3+FBT!I$3+TRE!I$3+MAE!I$3+TEL!I$3+WWP!I$3+OIS!I$3 -> 73936.08 | ... W3: =ISI!W$3+NFM!W$3+CHI!W$3+NMM!W$3+PPA!W$3+FBT!W$3+TRE!W$3+MAE!W$3+TEL!W$3+WWP!W$3+OIS!W$3 -> 73487.24
A4: Iron and steel | B4: =ISI!B$3 -> 2942.4713 | C4: =ISI!C$3 -> 2451.0229 | D4: =ISI!D$3 -> 2569.6446 | E4: =ISI!E$3 -> 2543.1929 | F4: =ISI!F$3 -> 3046.5262 | G4: =ISI!G$3 -> 3045.4688 | H4: =ISI!H$3 -> 3046.4669 | I4: =ISI!I$3 -> 3489.0483 | ... W4: =ISI!W$3 -> 2206.3552
A5: Non-ferrous metals | B5: =NFM!B$3 -> 1221.873 | C5: =NFM!C$3 -> 1017.7971 | D5: =NFM!D$3 -> 1067.0553 | E5: =NFM!E$3 -> 1056.0711 | F5: =NFM!F$3 -> 1265.0822 | G5: =NFM!G$3 -> 1264.6432 | H5: =NFM!H$3 -> 1265.0576 | I5: =NFM!I$3 -> 1448.8413 | ... W5: =NFM!W$3 -> 1323.9535
A6: Alumina production | B6: =NFM!B$4 -> 0 | C6: =NFM!C$4 -> 0 | D6: =NFM!D$4 -> 0 | E6: =NFM!E$4 -> 0 | F6: =NFM!F$4 -> 0 | G6: =NFM!G$4 -> 0 | H6: =NFM!H$4 -> 0 | I6: =NFM!I$4 -> 0 | ... W6: =NFM!W$4 -> 0
A7: Aluminium production | B7: =NFM!B$5 -> 0 | C7: =NFM!C$5 -> 0 | D7: =NFM!D$5 -> 0 | E7: =NFM!E$5 -> 0 | F7: =NFM!F$5 -> 0 | G7: =NFM!G$5 -> 0 | H7: =NFM!H$5 -> 0 | I7: =NFM!I$5 -> 0 | ... W7: =NFM!W$5 -> 0
A8: Other non-ferrous metals | B8: =NFM!B$8 -> 1221.873 | C8: =NFM!C$8 -> 1017.7971 | D8: =NFM!D$8 -> 1067.0553 | E8: =NFM!E$8 -> 1056.0711 | F8: =NFM!F$8 -> 1265.0822 | G8: =NFM!G$8 -> 1264.6432 | H8: =NFM!H$8 -> 1265.0576 | I8: =NFM!I$8 -> 1448.8413 | ... W8: =NFM!W$8 -> 1323.9535
A9: Chemical industry | B9: =CHI!B$3 -> 12749.597 | C9: =CHI!C$3 -> 12996.454 | D9: =CHI!D$3 -> 13242.993 | E9: =CHI!E$3 -> 13035.12 | F9: =CHI!F$3 -> 12842.77 | G9: =CHI!G$3 -> 13829.309 | H9: =CHI!H$3 -> 12259.702 | I9: =CHI!I$3 -> 13135.57 | ... W9: =CHI!W$3 -> 17580.119
A10: Basic chemicals | B10: =CHI!B$5 -> 2037.597 | C10: =CHI!C$5 -> 2019.3605 | D10: =CHI!D$5 -> 2249.5654 | E10: =CHI!E$5 -> 2437.2182 | F10: =CHI!F$5 -> 2425.1024 | G10: =CHI!G$5 -> 2438.1807 | H10: =CHI!H$5 -> 3389.3047 | I10: =CHI!I$5 -> 4489.6917 | ... W10: =CHI!W$5 -> 5781.2104
A11: Other chemicals | B11: =CHI!B$6 -> 7054.9042 | C11: =CHI!C$6 -> 6911.1128 | D11: =CHI!D$6 -> 6727.3893 | E11: =CHI!E$6 -> 6097.8229 | F11: =CHI!F$6 -> 6195.1449 | G11: =CHI!G$6 -> 6275.2934 | H11: =CHI!H$6 -> 4861.1307 | I11: =CHI!I$6 -> 3653.8102 | ... W11: =CHI!W$6 -> 2652.6169
A12: Pharmaceutical products etc. | B12: =CHI!B$7 -> 3657.0961 | C12: =CHI!C$7 -> 4065.9809 | D12: =CHI!D$7 -> 4266.0386 | E12: =CHI!E$7 -> 4500.0787 | F12: =CHI!F$7 -> 4222.5231 | G12: =CHI!G$7 -> 5115.8351 | H12: =CHI!H$7 -> 4009.267 | I12: =CHI!I$7 -> 4992.0686 | ... W12: =CHI!W$7 -> 9146.2914
A13: Non-metallic mineral products | B13: =NMM!B$3 -> 2901.2093 | C13: =NMM!C$3 -> 2940.5721 | D13: =NMM!D$3 -> 2941.3941 | E13: =NMM!E$3 -> 2854.0126 | F13: =NMM!F$3 -> 2826.4975 | G13: =NMM!G$3 -> 2755.8267 | H13: =NMM!H$3 -> 2806.9536 | I13: =NMM!I$3 -> 3016.4883 | ... W13: =NMM!W$3 -> 2586.9848
A14: Cement | B14: =NMM!B$4 -> 1734.8197 | C14: =NMM!C$4 -> 1745.1692 | D14: =NMM!D$4 -> 1711.7415 | E14: =NMM!E$4 -> 1534.7414 | F14: =NMM!F$4 -> 1575.2369 | G14: =NMM!G$4 -> 1605.9289 | H14: =NMM!H$4 -> 1676.6449 | I14: =NMM!I$4 -> 1684.3984 | ... W14: =NMM!W$4 -> 1239.6997
A15: Ceramics & other NMM | B15: =NMM!B$5 -> 382.88523 | C15: =NMM!C$5 -> 384.20596 | D15: =NMM!D$5 -> 365.2969 | E15: =NMM!E$5 -> 467.12312 | F15: =NMM!F$5 -> 371.02459 | G15: =NMM!G$5 -> 327.24263 | H15: =NMM!H$5 -> 322.47272 | I15: =NMM!I$5 -> 389.73592 | ... W15: =NMM!W$5 -> 808.97921
A16: Glass production | B16: =NMM!B$6 -> 783.50437 | C16: =NMM!C$6 -> 811.1969 | D16: =NMM!D$6 -> 864.35564 | E16: =NMM!E$6 -> 852.14807 | F16: =NMM!F$6 -> 880.23604 | G16: =NMM!G$6 -> 822.6551 | H16: =NMM!H$6 -> 807.83599 | I16: =NMM!I$6 -> 942.35399 | ... W16: =NMM!W$6 -> 538.3059
A17: Pulp, paper and printing | B17: =PPA!B$3 -> 3277.8104 | C17: =PPA!C$3 -> 3148.5635 | D17: =PPA!D$3 -> 3074.3147 | E17: =PPA!E$3 -> 2949.5297 | F17: =PPA!F$3 -> 2895.7465 | G17: =PPA!G$3 -> 2765.7221 | H17: =PPA!H$3 -> 2729.4254 | I17: =PPA!I$3 -> 2700.6859 | ... W17: =PPA!W$3 -> 1620.3877
A18: Pulp production | B18: =PPA!B$5 -> 51.778143 | C18: =PPA!C$5 -> 48.878903 | D18: =PPA!D$5 -> 55.778013 | E18: =PPA!E$5 -> 48.10088 | F18: =PPA!F$5 -> 50.813875 | G18: =PPA!G$5 -> 46.890673 | H18: =PPA!H$5 -> 49.44073 | I18: =PPA!I$5 -> 45.91366 | ... W18: =PPA!W$5 -> 42.293723
A19: Paper production | B19: =PPA!B$6 -> 1540.1478 | C19: =PPA!C$6 -> 1491.8862 | D19: =PPA!D$6 -> 1465.165 | E19: =PPA!E$6 -> 1353.7853 | F19: =PPA!F$6 -> 1343.0737 | G19: =PPA!G$6 -> 1256.2829 | H19: =PPA!H$6 -> 1262.7327 | I19: =PPA!I$6 -> 1206.2367 | ... W19: =PPA!W$6 -> 902.99189
A20: Printing and media reproduction | B20: =PPA!B$7 -> 1685.8845 | C20: =PPA!C$7 -> 1607.7984 | D20: =PPA!D$7 -> 1553.3717 | E20: =PPA!E$7 -> 1547.6435 | F20: =PPA!F$7 -> 1501.8589 | G20: =PPA!G$7 -> 1462.5486 | H20: =PPA!H$7 -> 1417.252 | I20: =PPA!I$7 -> 1448.5355 | ... W20: =PPA!W$7 -> 675.1021
A21: Food, beverages and tobacco | B21: =FBT!B$3 -> 7011.2239 | C21: =FBT!C$3 -> 7061.4326 | D21: =FBT!D$3 -> 7197.0753 | E21: =FBT!E$3 -> 7242.8362 | F21: =FBT!F$3 -> 7600.0428 | G21: =FBT!G$3 -> 7422.1751 | H21: =FBT!H$3 -> 7212.4 | I21: =FBT!I$3 -> 7329.1405 | ... W21: =FBT!W$3 -> 8316.302
A22: Transport equipment | B22: =TRE!B$3 -> 5211.5665 | C22: =TRE!C$3 -> 5201.5386 | D22: =TRE!D$3 -> 5083.0446 | E22: =TRE!E$3 -> 4936.2614 | F22: =TRE!F$3 -> 4656.4278 | G22: =TRE!G$3 -> 4507.4391 | H22: =TRE!H$3 -> 4355.8101 | I22: =TRE!I$3 -> 4110.0114 | ... W22: =TRE!W$3 -> 2417.3845
A23: Machinery equipment | B23: =MAE!B$3 -> 12598.752 | C23: =MAE!C$3 -> 11949.481 | D23: =MAE!D$3 -> 11857.93 | E23: =MAE!E$3 -> 11414.113 | F23: =MAE!F$3 -> 11577.76 | G23: =MAE!G$3 -> 11573.378 | H23: =MAE!H$3 -> 12084.951 | I23: =MAE!I$3 -> 12488.103 | ... W23: =MAE!W$3 -> 9375.7245
A24: Textiles and leather | B24: =TEL!B$3 -> 3022.5245 | C24: =TEL!C$3 -> 2926.1631 | D24: =TEL!D$3 -> 2952.7379 | E24: =TEL!E$3 -> 2617.3384 | F24: =TEL!F$3 -> 2654.266 | G24: =TEL!G$3 -> 2476.3091 | H24: =TEL!H$3 -> 2419.0849 | I24: =TEL!I$3 -> 2373.3774 | ... W24: =TEL!W$3 -> 1160.6299
A25: Wood and wood products | B25: =WWP!B$3 -> 859.30509 | C25: =WWP!C$3 -> 925.93753 | D25: =WWP!D$3 -> 905.90745 | E25: =WWP!E$3 -> 936.89091 | F25: =WWP!F$3 -> 1003.1002 | G25: =WWP!G$3 -> 985.35472 | H25: =WWP!H$3 -> 1029.8387 | I25: =WWP!I$3 -> 1129.8286 | ... W25: =WWP!W$3 -> 1158.6682
A26: Other industrial sectors | B26: =OIS!B$3 -> 19156.674 | C26: =OIS!C$3 -> 19331.42 | D26: =OIS!D$3 -> 19073.748 | E26: =OIS!E$3 -> 18891.202 | F26: =OIS!F$3 -> 19652.805 | G26: =OIS!G$3 -> 19939.696 | H26: =OIS!H$3 -> 21477.931 | I26: =OIS!I$3 -> 22714.985 | ... W26: =OIS!W$3 -> 25740.731
A28: Energy consumption (ktoe)
A29: by fuel (EUROSTAT DATA) | B29: =ISI!B25+NFM!B43+CHI!B32+NMM!B31+PPA!B32+FBT!B12+TRE!B12+MAE!B12+TEL!B12+WWP!B12+OIS!B12 -> 11592.05 | C29: =ISI!C25+NFM!C43+CHI!C32+NMM!C31+PPA!C32+FBT!C12+TRE!C12+MAE!C12+TEL!C12+WWP!C12+OIS!C12 -> 11637.649 | D29: =ISI!D25+NFM!D43+CHI!D32+NMM!D31+PPA!D32+FBT!D12+TRE!D12+MAE!D12+TEL!D12+WWP!D12+OIS!D12 -> 11324.085 | E29: =ISI!E25+NFM!E43+CHI!E32+NMM!E31+PPA!E32+FBT!E12+TRE!E12+MAE!E12+TEL!E12+WWP!E12+OIS!E12 -> 11375.19 | F29: =ISI!F25+NFM!F43+CHI!F32+NMM!F31+PPA!F32+FBT!F12+TRE!F12+MAE!F12+TEL!F12+WWP!F12+OIS!F12 -> 10557.458 | G29: =ISI!G25+NFM!G43+CHI!G32+NMM!G31+PPA!G32+FBT!G12+TRE!G12+MAE!G12+TEL!G12+WWP!G12+OIS!G12 -> 10571.234 | H29: =ISI!H25+NFM!H43+CHI!H32+NMM!H31+PPA!H32+FBT!H12+TRE!H12+MAE!H12+TEL!H12+WWP!H12+OIS!H12 -> 10661.996 | I29: =ISI!I25+NFM!I43+CHI!I32+NMM!I31+PPA!I32+FBT!I12+TRE!I12+MAE!I12+TEL!I12+WWP!I12+OIS!I12 -> 10153.681 | ... W29: =ISI!W25+NFM!W43+CHI!W32+NMM!W31+PPA!W32+FBT!W12+TRE!W12+MAE!W12+TEL!W12+WWP!W12+OIS!W12 -> 10578.786
A30: Solids | B30: =B31+B32 -> 710.51754 | C30: =C31+C32 -> 664.8997 | D30: =D31+D32 -> 653.8356 | E30: =E31+E32 -> 658.89716 | F30: =F31+F32 -> 510.46277 | G30: =G31+G32 -> 455.55537 | H30: =H31+H32 -> 349.60249 | I30: =I31+I32 -> 345.27971 | ... W30: =W31+W32 -> 364.22107
A31: Hard coal and others | B31: =ISI!B27+NFM!B44+CHI!B33+NMM!B32+PPA!B33+FBT!B13+TRE!B13+MAE!B13+TEL!B13+WWP!B13+OIS!B13 -> 492.81453 | C31: =ISI!C27+NFM!C44+CHI!C33+NMM!C32+PPA!C33+FBT!C13+TRE!C13+MAE!C13+TEL!C13+WWP!C13+OIS!C13 -> 399.05254 | D31: =ISI!D27+NFM!D44+CHI!D33+NMM!D32+PPA!D33+FBT!D13+TRE!D13+MAE!D13+TEL!D13+WWP!D13+OIS!D13 -> 339.84428 | E31: =ISI!E27+NFM!E44+CHI!E33+NMM!E32+PPA!E33+FBT!E13+TRE!E13+MAE!E13+TEL!E13+WWP!E13+OIS!E13 -> 284.05899 | F31: =ISI!F27+NFM!F44+CHI!F33+NMM!F32+PPA!F33+FBT!F13+TRE!F13+MAE!F13+TEL!F13+WWP!F13+OIS!F13 -> 323.32752 | G31: =ISI!G27+NFM!G44+CHI!G33+NMM!G32+PPA!G33+FBT!G13+TRE!G13+MAE!G13+TEL!G13+WWP!G13+OIS!G13 -> 346.50507 | H31: =ISI!H27+NFM!H44+CHI!H33+NMM!H32+PPA!H33+FBT!H13+TRE!H13+MAE!H13+TEL!H13+WWP!H13+OIS!H13 -> 349.60249 | I31: =ISI!I27+NFM!I44+CHI!I33+NMM!I32+PPA!I33+FBT!I13+TRE!I13+MAE!I13+TEL!I13+WWP!I13+OIS!I13 -> 345.27971 | ... W31: =ISI!W27+NFM!W44+CHI!W33+NMM!W32+PPA!W33+FBT!W13+TRE!W13+MAE!W13+TEL!W13+WWP!W13+OIS!W13 -> 355.22296
A32: Coke | B32: =ISI!B28 -> 217.70301 | C32: =ISI!C28 -> 265.84716 | D32: =ISI!D28 -> 313.99132 | E32: =ISI!E28 -> 374.83818 | F32: =ISI!F28 -> 187.13525 | G32: =ISI!G28 -> 109.0503 | H32: =ISI!H28 -> 0 | I32: =ISI!I28 -> 0 | ... W32: =ISI!W28 -> 8.9981083
A33: Liquids | B33: =SUM(B34:B38) -> 1592.0463 | C33: =SUM(C34:C38) -> 1813.0123 | D33: =SUM(D34:D38) -> 1211.756 | E33: =SUM(E34:E38) -> 1257.9821 | F33: =SUM(F34:F38) -> 981.69493 | G33: =SUM(G34:G38) -> 1060.3993 | H33: =SUM(H34:H38) -> 997.5589 | I33: =SUM(I34:I38) -> 832.26801 | ... W33: =SUM(W34:W38) -> 1459.8312
A34: Refinery gas | B34: =ISI!B30+NFM!B46+CHI!B35+NMM!B34+PPA!B35+FBT!B15+TRE!B15+MAE!B15+TEL!B15+WWP!B15+OIS!B15 -> 0 | C34: =ISI!C30+NFM!C46+CHI!C35+NMM!C34+PPA!C35+FBT!C15+TRE!C15+MAE!C15+TEL!C15+WWP!C15+OIS!C15 -> 0 | D34: =ISI!D30+NFM!D46+CHI!D35+NMM!D34+PPA!D35+FBT!D15+TRE!D15+MAE!D15+TEL!D15+WWP!D15+OIS!D15 -> 0 | E34: =ISI!E30+NFM!E46+CHI!E35+NMM!E34+PPA!E35+FBT!E15+TRE!E15+MAE!E15+TEL!E15+WWP!E15+OIS!E15 -> 0 | F34: =ISI!F30+NFM!F46+CHI!F35+NMM!F34+PPA!F35+FBT!F15+TRE!F15+MAE!F15+TEL!F15+WWP!F15+OIS!F15 -> 0 | G34: =ISI!G30+NFM!G46+CHI!G35+NMM!G34+PPA!G35+FBT!G15+TRE!G15+MAE!G15+TEL!G15+WWP!G15+OIS!G15 -> 0 | H34: =ISI!H30+NFM!H46+CHI!H35+NMM!H34+PPA!H35+FBT!H15+TRE!H15+MAE!H15+TEL!H15+WWP!H15+OIS!H15 -> 0 | I34: =ISI!I30+NFM!I46+CHI!I35+NMM!I34+PPA!I35+FBT!I15+TRE!I15+MAE!I15+TEL!I15+WWP!I15+OIS!I15 -> 0 | ... W34: =ISI!W30+NFM!W46+CHI!W35+NMM!W34+PPA!W35+FBT!W15+TRE!W15+MAE!W15+TEL!W15+WWP!W15+OIS!W15 -> 0
A35: LPG | B35: =ISI!B31+NFM!B47+CHI!B36+NMM!B35+PPA!B36+FBT!B16+TRE!B16+MAE!B16+TEL!B16+WWP!B16+OIS!B16 -> 141.73121 | C35: =ISI!C31+NFM!C47+CHI!C36+NMM!C35+PPA!C36+FBT!C16+TRE!C16+MAE!C16+TEL!C16+WWP!C16+OIS!C16 -> 41.750301 | D35: =ISI!D31+NFM!D47+CHI!D36+NMM!D35+PPA!D36+FBT!D16+TRE!D16+MAE!D16+TEL!D16+WWP!D16+OIS!D16 -> 47.243766 | E35: =ISI!E31+NFM!E47+CHI!E36+NMM!E35+PPA!E36+FBT!E16+TRE!E16+MAE!E16+TEL!E16+WWP!E16+OIS!E16 -> 19.77644 | F35: =ISI!F31+NFM!F47+CHI!F36+NMM!F35+PPA!F36+FBT!F16+TRE!F16+MAE!F16+TEL!F16+WWP!F16+OIS!F16 -> 12.085641 | G35: =ISI!G31+NFM!G47+CHI!G36+NMM!G35+PPA!G36+FBT!G16+TRE!G16+MAE!G16+TEL!G16+WWP!G16+OIS!G16 -> 13.184265 | H35: =ISI!H31+NFM!H47+CHI!H36+NMM!H35+PPA!H36+FBT!H16+TRE!H16+MAE!H16+TEL!H16+WWP!H16+OIS!H16 -> 19.77644 | I35: =ISI!I31+NFM!I47+CHI!I36+NMM!I35+PPA!I36+FBT!I16+TRE!I16+MAE!I16+TEL!I16+WWP!I16+OIS!I16 -> 10.98693 | ... W35: =ISI!W31+NFM!W47+CHI!W36+NMM!W35+PPA!W36+FBT!W16+TRE!W16+MAE!W16+TEL!W16+WWP!W16+OIS!W16 -> 244.81488
A36: Diesel oil (without biofuels) | B36: =ISI!B32+NFM!B48+CHI!B37+NMM!B36+PPA!B37+FBT!B17+TRE!B17+MAE!B17+TEL!B17+WWP!B17+OIS!B17 -> 430.39553 | C36: =ISI!C32+NFM!C48+CHI!C37+NMM!C36+PPA!C37+FBT!C17+TRE!C17+MAE!C17+TEL!C17+WWP!C17+OIS!C17 -> 774.30499 | D36: =ISI!D32+NFM!D48+CHI!D37+NMM!D36+PPA!D37+FBT!D17+TRE!D17+MAE!D17+TEL!D17+WWP!D17+OIS!D17 -> 413.09819 | E36: =ISI!E32+NFM!E48+CHI!E37+NMM!E36+PPA!E37+FBT!E17+TRE!E17+MAE!E17+TEL!E17+WWP!E17+OIS!E17 -> 309.31496 | F36: =ISI!F32+NFM!F48+CHI!F37+NMM!F36+PPA!F37+FBT!F17+TRE!F17+MAE!F17+TEL!F17+WWP!F17+OIS!F17 -> 297.10525 | G36: =ISI!G32+NFM!G48+CHI!G37+NMM!G36+PPA!G37+FBT!G17+TRE!G17+MAE!G17+TEL!G17+WWP!G17+OIS!G17 -> 287.94789 | H36: =ISI!H32+NFM!H48+CHI!H37+NMM!H36+PPA!H37+FBT!H17+TRE!H17+MAE!H17+TEL!H17+WWP!H17+OIS!H17 -> 237.0736 | I36: =ISI!I32+NFM!I48+CHI!I37+NMM!I36+PPA!I37+FBT!I17+TRE!I17+MAE!I17+TEL!I17+WWP!I17+OIS!I17 -> 218.75899 | ... W36: =ISI!W32+NFM!W48+CHI!W37+NMM!W36+PPA!W37+FBT!W17+TRE!W17+MAE!W17+TEL!W17+WWP!W17+OIS!W17 -> 179.70696
A37: Fuel oil | B37: =ISI!B33+NFM!B49+CHI!B38+NMM!B37+PPA!B38+FBT!B18+TRE!B18+MAE!B18+TEL!B18+WWP!B18+OIS!B18 -> 617.17764 | C37: =ISI!C33+NFM!C49+CHI!C38+NMM!C37+PPA!C38+FBT!C18+TRE!C18+MAE!C18+TEL!C18+WWP!C18+OIS!C18 -> 803.47747 | D37: =ISI!D33+NFM!D49+CHI!D38+NMM!D37+PPA!D38+FBT!D18+TRE!D18+MAE!D18+TEL!D18+WWP!D18+OIS!D18 -> 529.28255 | E37: =ISI!E33+NFM!E49+CHI!E38+NMM!E37+PPA!E38+FBT!E18+TRE!E18+MAE!E18+TEL!E18+WWP!E18+OIS!E18 -> 716.53766 | F37: =ISI!F33+NFM!F49+CHI!F38+NMM!F37+PPA!F38+FBT!F18+TRE!F18+MAE!F18+TEL!F18+WWP!F18+OIS!F18 -> 559.85477 | G37: =ISI!G33+NFM!G49+CHI!G38+NMM!G37+PPA!G38+FBT!G18+TRE!G18+MAE!G18+TEL!G18+WWP!G18+OIS!G18 -> 617.17782 | H37: =ISI!H33+NFM!H49+CHI!H38+NMM!H37+PPA!H38+FBT!H18+TRE!H18+MAE!H18+TEL!H18+WWP!H18+OIS!H18 -> 623.86552 | I37: =ISI!I33+NFM!I49+CHI!I38+NMM!I37+PPA!I38+FBT!I18+TRE!I18+MAE!I18+TEL!I18+WWP!I18+OIS!I18 -> 500.62089 | ... W37: =ISI!W33+NFM!W49+CHI!W38+NMM!W37+PPA!W38+FBT!W18+TRE!W18+MAE!W18+TEL!W18+WWP!W18+OIS!W18 -> 45.255546
A38: Other liquids | B38: =ISI!B34+NFM!B50+CHI!B39+NMM!B38+PPA!B39+FBT!B19+TRE!B19+MAE!B19+TEL!B19+WWP!B19+OIS!B19 -> 402.74196 | C38: =ISI!C34+NFM!C50+CHI!C39+NMM!C38+PPA!C39+FBT!C19+TRE!C19+MAE!C19+TEL!C19+WWP!C19+OIS!C19 -> 193.47954 | D38: =ISI!D34+NFM!D50+CHI!D39+NMM!D38+PPA!D39+FBT!D19+TRE!D19+MAE!D19+TEL!D19+WWP!D19+OIS!D19 -> 222.13147 | E38: =ISI!E34+NFM!E50+CHI!E39+NMM!E38+PPA!E39+FBT!E19+TRE!E19+MAE!E19+TEL!E19+WWP!E19+OIS!E19 -> 212.35305 | F38: =ISI!F34+NFM!F50+CHI!F39+NMM!F38+PPA!F39+FBT!F19+TRE!F19+MAE!F19+TEL!F19+WWP!F19+OIS!F19 -> 112.64927 | G38: =ISI!G34+NFM!G50+CHI!G39+NMM!G38+PPA!G39+FBT!G19+TRE!G19+MAE!G19+TEL!G19+WWP!G19+OIS!G19 -> 142.08934 | H38: =ISI!H34+NFM!H50+CHI!H39+NMM!H38+PPA!H39+FBT!H19+TRE!H19+MAE!H19+TEL!H19+WWP!H19+OIS!H19 -> 116.84334 | I38: =ISI!I34+NFM!I50+CHI!I39+NMM!I38+PPA!I39+FBT!I19+TRE!I19+MAE!I19+TEL!I19+WWP!I19+OIS!I19 -> 101.9012 | ... W38: =ISI!W34+NFM!W50+CHI!W39+NMM!W38+PPA!W39+FBT!W19+TRE!W19+MAE!W19+TEL!W19+WWP!W19+OIS!W19 -> 990.05383
A39: Gases | B39: =B40+B41 -> 5055.2789 | C39: =C40+C41 -> 4934.7821 | D39: =D40+D41 -> 5250.3437 | E39: =E40+E41 -> 5064.463 | F39: =F40+F41 -> 4740.2465 | G39: =G40+G41 -> 4646.7909 | H39: =H40+H41 -> 4659.3115 | I39: =I40+I41 -> 4481.8377 | ... W39: =W40+W41 -> 4261.0183
A40: Natural gas | B40: =ISI!B36+NFM!B52+CHI!B41+NMM!B40+PPA!B41+FBT!B21+TRE!B21+MAE!B21+TEL!B21+WWP!B21+OIS!B21 -> 4490.9673 | C40: =ISI!C36+NFM!C52+CHI!C41+NMM!C40+PPA!C41+FBT!C21+TRE!C21+MAE!C21+TEL!C21+WWP!C21+OIS!C21 -> 4373.5946 | D40: =ISI!D36+NFM!D52+CHI!D41+NMM!D40+PPA!D41+FBT!D21+TRE!D21+MAE!D21+TEL!D21+WWP!D21+OIS!D21 -> 4666.0168 | E40: =ISI!E36+NFM!E52+CHI!E41+NMM!E40+PPA!E41+FBT!E21+TRE!E21+MAE!E21+TEL!E21+WWP!E21+OIS!E21 -> 4407.386 | F40: =ISI!F36+NFM!F52+CHI!F41+NMM!F40+PPA!F41+FBT!F21+TRE!F21+MAE!F21+TEL!F21+WWP!F21+OIS!F21 -> 4119.8658 | G40: =ISI!G36+NFM!G52+CHI!G41+NMM!G40+PPA!G41+FBT!G21+TRE!G21+MAE!G21+TEL!G21+WWP!G21+OIS!G21 -> 4150.9133 | H40: =ISI!H36+NFM!H52+CHI!H41+NMM!H40+PPA!H41+FBT!H21+TRE!H21+MAE!H21+TEL!H21+WWP!H21+OIS!H21 -> 4203.842 | I40: =ISI!I36+NFM!I52+CHI!I41+NMM!I40+PPA!I41+FBT!I21+TRE!I21+MAE!I21+TEL!I21+WWP!I21+OIS!I21 -> 4061.4569 | ... W40: =ISI!W36+NFM!W52+CHI!W41+NMM!W40+PPA!W41+FBT!W21+TRE!W21+MAE!W21+TEL!W21+WWP!W21+OIS!W21 -> 4080.7575
A41: Derived gases | B41: =ISI!B37+NFM!B53+CHI!B42+NMM!B41+PPA!B42+FBT!B22+TRE!B22+MAE!B22+TEL!B22+WWP!B22+OIS!B22 -> 564.31161 | C41: =ISI!C37+NFM!C53+CHI!C42+NMM!C41+PPA!C42+FBT!C22+TRE!C22+MAE!C22+TEL!C22+WWP!C22+OIS!C22 -> 561.18753 | D41: =ISI!D37+NFM!D53+CHI!D42+NMM!D41+PPA!D42+FBT!D22+TRE!D22+MAE!D22+TEL!D22+WWP!D22+OIS!D22 -> 584.32691 | E41: =ISI!E37+NFM!E53+CHI!E42+NMM!E41+PPA!E42+FBT!E22+TRE!E22+MAE!E22+TEL!E22+WWP!E22+OIS!E22 -> 657.07704 | F41: =ISI!F37+NFM!F53+CHI!F42+NMM!F41+PPA!F42+FBT!F22+TRE!F22+MAE!F22+TEL!F22+WWP!F22+OIS!F22 -> 620.38074 | G41: =ISI!G37+NFM!G53+CHI!G42+NMM!G41+PPA!G42+FBT!G22+TRE!G22+MAE!G22+TEL!G22+WWP!G22+OIS!G22 -> 495.87756 | H41: =ISI!H37+NFM!H53+CHI!H42+NMM!H41+PPA!H42+FBT!H22+TRE!H22+MAE!H22+TEL!H22+WWP!H22+OIS!H22 -> 455.46956 | I41: =ISI!I37+NFM!I53+CHI!I42+NMM!I41+PPA!I42+FBT!I22+TRE!I22+MAE!I22+TEL!I22+WWP!I22+OIS!I22 -> 420.38074 | ... W41: =ISI!W37+NFM!W53+CHI!W42+NMM!W41+PPA!W42+FBT!W22+TRE!W22+MAE!W22+TEL!W22+WWP!W22+OIS!W22 -> 180.26079
A42: RES and wastes | B42: =SUM(B43:B48) -> 379.7172 | C42: =SUM(C43:C48) -> 431.88117 | D42: =SUM(D43:D48) -> 448.55262 | E42: =SUM(E43:E48) -> 502.67498 | F42: =SUM(F43:F48) -> 509.57773 | G42: =SUM(G43:G48) -> 564.67997 | H42: =SUM(H43:H48) -> 608.70946 | I42: =SUM(I43:I48) -> 526.12296 | ... W42: =SUM(W43:W48) -> 839.41745
A43: Biomass and waste | B43: =ISI!B39+NFM!B55+CHI!B44+NMM!B43+PPA!B44+FBT!B24+TRE!B24+MAE!B24+TEL!B24+WWP!B24+OIS!B24 -> 377.35262 | C43: =ISI!C39+NFM!C55+CHI!C44+NMM!C43+PPA!C44+FBT!C24+TRE!C24+MAE!C24+TEL!C24+WWP!C24+OIS!C24 -> 425.71892 | D43: =ISI!D39+NFM!D55+CHI!D44+NMM!D43+PPA!D44+FBT!D24+TRE!D24+MAE!D24+TEL!D24+WWP!D24+OIS!D24 -> 442.17541 | E43: =ISI!E39+NFM!E55+CHI!E44+NMM!E43+PPA!E44+FBT!E24+TRE!E24+MAE!E24+TEL!E24+WWP!E24+OIS!E24 -> 497.89811 | F43: =ISI!F39+NFM!F55+CHI!F44+NMM!F43+PPA!F44+FBT!F24+TRE!F24+MAE!F24+TEL!F24+WWP!F24+OIS!F24 -> 506.54437 | G43: =ISI!G39+NFM!G55+CHI!G44+NMM!G43+PPA!G44+FBT!G24+TRE!G24+MAE!G24+TEL!G24+WWP!G24+OIS!G24 -> 541.60696 | H43: =ISI!H39+NFM!H55+CHI!H44+NMM!H43+PPA!H44+FBT!H24+TRE!H24+MAE!H24+TEL!H24+WWP!H24+OIS!H24 -> 590.427 | I43: =ISI!I39+NFM!I55+CHI!I44+NMM!I43+PPA!I44+FBT!I24+TRE!I24+MAE!I24+TEL!I24+WWP!I24+OIS!I24 -> 518.79725 | ... W43: =ISI!W39+NFM!W55+CHI!W44+NMM!W43+PPA!W44+FBT!W24+TRE!W24+MAE!W24+TEL!W24+WWP!W24+OIS!W24 -> 789.09665
A44: Biogas | B44: =ISI!B40+NFM!B56+CHI!B45+NMM!B44+PPA!B45+FBT!B25+TRE!B25+MAE!B25+TEL!B25+WWP!B25+OIS!B25 -> 2.3645744 | C44: =ISI!C40+NFM!C56+CHI!C45+NMM!C44+PPA!C45+FBT!C25+TRE!C25+MAE!C25+TEL!C25+WWP!C25+OIS!C25 -> 6.1622528 | D44: =ISI!D40+NFM!D56+CHI!D45+NMM!D44+PPA!D45+FBT!D25+TRE!D25+MAE!D25+TEL!D25+WWP!D25+OIS!D25 -> 6.3772141 | E44: =ISI!E40+NFM!E56+CHI!E45+NMM!E44+PPA!E45+FBT!E25+TRE!E25+MAE!E25+TEL!E25+WWP!E25+OIS!E25 -> 4.7768702 | F44: =ISI!F40+NFM!F56+CHI!F45+NMM!F44+PPA!F45+FBT!F25+TRE!F25+MAE!F25+TEL!F25+WWP!F25+OIS!F25 -> 3.033362 | G44: =ISI!G40+NFM!G56+CHI!G45+NMM!G44+PPA!G45+FBT!G25+TRE!G25+MAE!G25+TEL!G25+WWP!G25+OIS!G25 -> 22.618745 | H44: =ISI!H40+NFM!H56+CHI!H45+NMM!H44+PPA!H45+FBT!H25+TRE!H25+MAE!H25+TEL!H25+WWP!H25+OIS!H25 -> 7.8341359 | I44: =ISI!I40+NFM!I56+CHI!I45+NMM!I44+PPA!I45+FBT!I25+TRE!I25+MAE!I25+TEL!I25+WWP!I25+OIS!I25 -> 1.3613929 | ... W44: =ISI!W40+NFM!W56+CHI!W45+NMM!W44+PPA!W45+FBT!W25+TRE!W25+MAE!W25+TEL!W25+WWP!W25+OIS!W25 -> 39.851505
A45: Liquid biofuels | B45: =ISI!B41+NFM!B57+CHI!B46+NMM!B45+PPA!B46+FBT!B26+TRE!B26+MAE!B26+TEL!B26+WWP!B26+OIS!B26 -> 0 | C45: =ISI!C41+NFM!C57+CHI!C46+NMM!C45+PPA!C46+FBT!C26+TRE!C26+MAE!C26+TEL!C26+WWP!C26+OIS!C26 -> 0 | D45: =ISI!D41+NFM!D57+CHI!D46+NMM!D45+PPA!D46+FBT!D26+TRE!D26+MAE!D26+TEL!D26+WWP!D26+OIS!D26 -> 0 | E45: =ISI!E41+NFM!E57+CHI!E46+NMM!E45+PPA!E46+FBT!E26+TRE!E26+MAE!E26+TEL!E26+WWP!E26+OIS!E26 -> 0 | F45: =ISI!F41+NFM!F57+CHI!F46+NMM!F45+PPA!F46+FBT!F26+TRE!F26+MAE!F26+TEL!F26+WWP!F26+OIS!F26 -> 0 | G45: =ISI!G41+NFM!G57+CHI!G46+NMM!G45+PPA!G46+FBT!G26+TRE!G26+MAE!G26+TEL!G26+WWP!G26+OIS!G26 -> 0.45425623 | H45: =ISI!H41+NFM!H57+CHI!H46+NMM!H45+PPA!H46+FBT!H26+TRE!H26+MAE!H26+TEL!H26+WWP!H26+OIS!H26 -> 10.448323 | I45: =ISI!I41+NFM!I57+CHI!I46+NMM!I45+PPA!I46+FBT!I26+TRE!I26+MAE!I26+TEL!I26+WWP!I26+OIS!I26 -> 5.9643164 | ... W45: =ISI!W41+NFM!W57+CHI!W46+NMM!W45+PPA!W46+FBT!W26+TRE!W26+MAE!W26+TEL!W26+WWP!W26+OIS!W26 -> 5.4153912
A46: Solar | B46: =ISI!B42+NFM!B58+CHI!B47+NMM!B46+PPA!B47+FBT!B27+TRE!B27+MAE!B27+TEL!B27+WWP!B27+OIS!B27 -> 0 | C46: =ISI!C42+NFM!C58+CHI!C47+NMM!C46+PPA!C47+FBT!C27+TRE!C27+MAE!C27+TEL!C27+WWP!C27+OIS!C27 -> 0 | D46: =ISI!D42+NFM!D58+CHI!D47+NMM!D46+PPA!D47+FBT!D27+TRE!D27+MAE!D27+TEL!D27+WWP!D27+OIS!D27 -> 0 | E46: =ISI!E42+NFM!E58+CHI!E47+NMM!E46+PPA!E47+FBT!E27+TRE!E27+MAE!E27+TEL!E27+WWP!E27+OIS!E27 -> 0 | F46: =ISI!F42+NFM!F58+CHI!F47+NMM!F46+PPA!F47+FBT!F27+TRE!F27+MAE!F27+TEL!F27+WWP!F27+OIS!F27 -> 0 | G46: =ISI!G42+NFM!G58+CHI!G47+NMM!G46+PPA!G47+FBT!G27+TRE!G27+MAE!G27+TEL!G27+WWP!G27+OIS!G27 -> 0 | H46: =ISI!H42+NFM!H58+CHI!H47+NMM!H46+PPA!H47+FBT!H27+TRE!H27+MAE!H27+TEL!H27+WWP!H27+OIS!H27 -> 0 | I46: =ISI!I42+NFM!I58+CHI!I47+NMM!I46+PPA!I47+FBT!I27+TRE!I27+MAE!I27+TEL!I27+WWP!I27+OIS!I27 -> 0 | ... W46: =ISI!W42+NFM!W58+CHI!W47+NMM!W46+PPA!W47+FBT!W27+TRE!W27+MAE!W27+TEL!W27+WWP!W27+OIS!W27 -> 0.08116939
A47: Geothermal | B47: =ISI!B43+NFM!B59+CHI!B48+NMM!B47+PPA!B48+FBT!B28+TRE!B28+MAE!B28+TEL!B28+WWP!B28+OIS!B28 -> 0 | C47: =ISI!C43+NFM!C59+CHI!C48+NMM!C47+PPA!C48+FBT!C28+TRE!C28+MAE!C28+TEL!C28+WWP!C28+OIS!C28 -> 0 | D47: =ISI!D43+NFM!D59+CHI!D48+NMM!D47+PPA!D48+FBT!D28+TRE!D28+MAE!D28+TEL!D28+WWP!D28+OIS!D28 -> 0 | E47: =ISI!E43+NFM!E59+CHI!E48+NMM!E47+PPA!E48+FBT!E28+TRE!E28+MAE!E28+TEL!E28+WWP!E28+OIS!E28 -> 0 | F47: =ISI!F43+NFM!F59+CHI!F48+NMM!F47+PPA!F48+FBT!F28+TRE!F28+MAE!F28+TEL!F28+WWP!F28+OIS!F28 -> 0 | G47: =ISI!G43+NFM!G59+CHI!G48+NMM!G47+PPA!G48+FBT!G28+TRE!G28+MAE!G28+TEL!G28+WWP!G28+OIS!G28 -> 0 | H47: =ISI!H43+NFM!H59+CHI!H48+NMM!H47+PPA!H48+FBT!H28+TRE!H28+MAE!H28+TEL!H28+WWP!H28+OIS!H28 -> 0 | I47: =ISI!I43+NFM!I59+CHI!I48+NMM!I47+PPA!I48+FBT!I28+TRE!I28+MAE!I28+TEL!I28+WWP!I28+OIS!I28 -> 0 | ... W47: =ISI!W43+NFM!W59+CHI!W48+NMM!W47+PPA!W48+FBT!W28+TRE!W28+MAE!W28+TEL!W28+WWP!W28+OIS!W28 -> 0
A48: Ambient heat | B48: =ISI!B44+NFM!B60+CHI!B49+NMM!B48+PPA!B49+FBT!B29+TRE!B29+MAE!B29+TEL!B29+WWP!B29+OIS!B29 -> 0 | C48: =ISI!C44+NFM!C60+CHI!C49+NMM!C48+PPA!C49+FBT!C29+TRE!C29+MAE!C29+TEL!C29+WWP!C29+OIS!C29 -> 0 | D48: =ISI!D44+NFM!D60+CHI!D49+NMM!D48+PPA!D49+FBT!D29+TRE!D29+MAE!D29+TEL!D29+WWP!D29+OIS!D29 -> 0 | E48: =ISI!E44+NFM!E60+CHI!E49+NMM!E48+PPA!E49+FBT!E29+TRE!E29+MAE!E29+TEL!E29+WWP!E29+OIS!E29 -> 0 | F48: =ISI!F44+NFM!F60+CHI!F49+NMM!F48+PPA!F49+FBT!F29+TRE!F29+MAE!F29+TEL!F29+WWP!F29+OIS!F29 -> 0 | G48: =ISI!G44+NFM!G60+CHI!G49+NMM!G48+PPA!G49+FBT!G29+TRE!G29+MAE!G29+TEL!G29+WWP!G29+OIS!G29 -> 0 | H48: =ISI!H44+NFM!H60+CHI!H49+NMM!H48+PPA!H49+FBT!H29+TRE!H29+MAE!H29+TEL!H29+WWP!H29+OIS!H29 -> 0 | I48: =ISI!I44+NFM!I60+CHI!I49+NMM!I48+PPA!I49+FBT!I29+TRE!I29+MAE!I29+TEL!I29+WWP!I29+OIS!I29 -> 0 | ... W48: =ISI!W44+NFM!W60+CHI!W49+NMM!W48+PPA!W49+FBT!W29+TRE!W29+MAE!W29+TEL!W29+WWP!W29+OIS!W29 -> 4.9727429
A49: Distributed steam | B49: =ISI!B45+NFM!B61+CHI!B50+NMM!B49+PPA!B50+FBT!B30+TRE!B30+MAE!B30+TEL!B30+WWP!B30+OIS!B30 -> 426.45942 | C49: =ISI!C45+NFM!C61+CHI!C50+NMM!C49+PPA!C50+FBT!C30+TRE!C30+MAE!C30+TEL!C30+WWP!C30+OIS!C30 -> 420.4166 | D49: =ISI!D45+NFM!D61+CHI!D50+NMM!D49+PPA!D50+FBT!D30+TRE!D30+MAE!D30+TEL!D30+WWP!D30+OIS!D30 -> 411.96148 | E49: =ISI!E45+NFM!E61+CHI!E50+NMM!E49+PPA!E50+FBT!E30+TRE!E30+MAE!E30+TEL!E30+WWP!E30+OIS!E30 -> 449.5558 | F49: =ISI!F45+NFM!F61+CHI!F50+NMM!F49+PPA!F50+FBT!F30+TRE!F30+MAE!F30+TEL!F30+WWP!F30+OIS!F30 -> 412.51788 | G49: =ISI!G45+NFM!G61+CHI!G50+NMM!G49+PPA!G50+FBT!G30+TRE!G30+MAE!G30+TEL!G30+WWP!G30+OIS!G30 -> 458.52915 | H49: =ISI!H45+NFM!H61+CHI!H50+NMM!H49+PPA!H50+FBT!H30+TRE!H30+MAE!H30+TEL!H30+WWP!H30+OIS!H30 -> 470.21823 | I49: =ISI!I45+NFM!I61+CHI!I50+NMM!I49+PPA!I50+FBT!I30+TRE!I30+MAE!I30+TEL!I30+WWP!I30+OIS!I30 -> 410.09837 | ... W49: =ISI!W45+NFM!W61+CHI!W50+NMM!W49+PPA!W50+FBT!W30+TRE!W30+MAE!W30+TEL!W30+WWP!W30+OIS!W30 -> 366.77429
A50: Electricity | B50: =ISI!B46+NFM!B62+CHI!B51+NMM!B50+PPA!B51+FBT!B31+TRE!B31+MAE!B31+TEL!B31+WWP!B31+OIS!B31 -> 3428.031 | C50: =ISI!C46+NFM!C62+CHI!C51+NMM!C50+PPA!C51+FBT!C31+TRE!C31+MAE!C31+TEL!C31+WWP!C31+OIS!C31 -> 3372.6569 | D50: =ISI!D46+NFM!D62+CHI!D51+NMM!D50+PPA!D51+FBT!D31+TRE!D31+MAE!D31+TEL!D31+WWP!D31+OIS!D31 -> 3347.6354 | E50: =ISI!E46+NFM!E62+CHI!E51+NMM!E50+PPA!E51+FBT!E31+TRE!E31+MAE!E31+TEL!E31+WWP!E31+OIS!E31 -> 3441.6165 | F50: =ISI!F46+NFM!F62+CHI!F51+NMM!F50+PPA!F51+FBT!F31+TRE!F31+MAE!F31+TEL!F31+WWP!F31+OIS!F31 -> 3402.9579 | G50: =ISI!G46+NFM!G62+CHI!G51+NMM!G50+PPA!G51+FBT!G31+TRE!G31+MAE!G31+TEL!G31+WWP!G31+OIS!G31 -> 3385.2794 | H50: =ISI!H46+NFM!H62+CHI!H51+NMM!H50+PPA!H51+FBT!H31+TRE!H31+MAE!H31+TEL!H31+WWP!H31+OIS!H31 -> 3576.595 | I50: =ISI!I46+NFM!I62+CHI!I51+NMM!I50+PPA!I51+FBT!I31+TRE!I31+MAE!I31+TEL!I31+WWP!I31+OIS!I31 -> 3558.0739 | ... W50: =ISI!W46+NFM!W62+CHI!W51+NMM!W50+PPA!W51+FBT!W31+TRE!W31+MAE!W31+TEL!W31+WWP!W31+OIS!W31 -> 3287.5236
A51: by sector | B51: =SUM(B52,B55,B61,B65,B69,B73:B78) -> 11592.05 | C51: =SUM(C52,C55,C61,C65,C69,C73:C78) -> 11637.649 | D51: =SUM(D52,D55,D61,D65,D69,D73:D78) -> 11324.085 | E51: =SUM(E52,E55,E61,E65,E69,E73:E78) -> 11375.19 | F51: =SUM(F52,F55,F61,F65,F69,F73:F78) -> 10557.458 | G51: =SUM(G52,G55,G61,G65,G69,G73:G78) -> 10571.234 | H51: =SUM(H52,H55,H61,H65,H69,H73:H78) -> 10661.996 | I51: =SUM(I52,I55,I61,I65,I69,I73:I78) -> 10153.681 | ... W51: =SUM(W52,W55,W61,W65,W69,W73:W78) -> 10578.786
A52: Iron and steel | B52: =ISI!B$47 -> 2408.9111 | C52: =ISI!C$47 -> 2171.3324 | D52: =ISI!D$47 -> 2286.5941 | E52: =ISI!E$47 -> 2413.961 | F52: =ISI!F$47 -> 2208.3549 | G52: =ISI!G$47 -> 1940.183 | H52: =ISI!H$47 -> 1810.0867 | I52: =ISI!I$47 -> 1725.6375 | ... W52: =ISI!W$47 -> 1034.9005
A53: Integrated steelworks | B53: =ISI!B$48 -> 2102.9252 | C53: =ISI!C$48 -> 1867.0729 | D53: =ISI!D$48 -> 1961.5388 | E53: =ISI!E$48 -> 2083.4198 | F53: =ISI!F$48 -> 1906.408 | G53: =ISI!G$48 -> 1665.6535 | H53: =ISI!H$48 -> 1494.0744 | I53: =ISI!I$48 -> 1385.9798 | ... W53: =ISI!W$48 -> 838.57315
A54: Electric arc | B54: =ISI!B$49 -> 305.9859 | C54: =ISI!C$49 -> 304.25945 | D54: =ISI!D$49 -> 325.05527 | E54: =ISI!E$49 -> 330.54113 | F54: =ISI!F$49 -> 301.94688 | G54: =ISI!G$49 -> 274.52947 | H54: =ISI!H$49 -> 316.01223 | I54: =ISI!I$49 -> 339.65774 | ... W54: =ISI!W$49 -> 196.32737
A55: Non-ferrous metals | B55: =NFM!B$63 -> 328.26337 | C55: =NFM!C$63 -> 310.55288 | D55: =NFM!D$63 -> 322.6399 | E55: =NFM!E$63 -> 353.40739 | F55: =NFM!F$63 -> 360.24729 | G55: =NFM!G$63 -> 347.57266 | H55: =NFM!H$63 -> 353.65305 | I55: =NFM!I$63 -> 353.78667 | ... W55: =NFM!W$63 -> 298.14662
A56: Alumina production | B56: =NFM!B$64 -> 0 | C56: =NFM!C$64 -> 0 | D56: =NFM!D$64 -> 0 | E56: =NFM!E$64 -> 0 | F56: =NFM!F$64 -> 0 | G56: =NFM!G$64 -> 0 | H56: =NFM!H$64 -> 0 | I56: =NFM!I$64 -> 0 | ... W56: =NFM!W$64 -> 0
A57: Aluminium production | B57: =NFM!B$65 -> 0 | C57: =NFM!C$65 -> 0 | D57: =NFM!D$65 -> 0 | E57: =NFM!E$65 -> 0 | F57: =NFM!F$65 -> 0 | G57: =NFM!G$65 -> 0 | H57: =NFM!H$65 -> 0 | I57: =NFM!I$65 -> 0 | ... W57: =NFM!W$65 -> 0
A58: Aluminium - primary production | B58: =NFM!B$66 -> 0 | C58: =NFM!C$66 -> 0 | D58: =NFM!D$66 -> 0 | E58: =NFM!E$66 -> 0 | F58: =NFM!F$66 -> 0 | G58: =NFM!G$66 -> 0 | H58: =NFM!H$66 -> 0 | I58: =NFM!I$66 -> 0 | ... W58: =NFM!W$66 -> 0
A59: Aluminium - secondary production | B59: =NFM!B$67 -> 0 | C59: =NFM!C$67 -> 0 | D59: =NFM!D$67 -> 0 | E59: =NFM!E$67 -> 0 | F59: =NFM!F$67 -> 0 | G59: =NFM!G$67 -> 0 | H59: =NFM!H$67 -> 0 | I59: =NFM!I$67 -> 0 | ... W59: =NFM!W$67 -> 0
A60: Other non-ferrous metals | B60: =NFM!B$68 -> 328.26337 | C60: =NFM!C$68 -> 310.55288 | D60: =NFM!D$68 -> 322.6399 | E60: =NFM!E$68 -> 353.40739 | F60: =NFM!F$68 -> 360.24729 | G60: =NFM!G$68 -> 347.57266 | H60: =NFM!H$68 -> 353.65305 | I60: =NFM!I$68 -> 353.78667 | ... W60: =NFM!W$68 -> 298.14662
A61: Chemical industry | B61: =CHI!B$52 -> 3149.7523 | C61: =CHI!C$52 -> 3136.772 | D61: =CHI!D$52 -> 3142.7671 | E61: =CHI!E$52 -> 3197.4328 | F61: =CHI!F$52 -> 2825.3678 | G61: =CHI!G$52 -> 2993.7925 | H61: =CHI!H$52 -> 3036.3246 | I61: =CHI!I$52 -> 3005.1401 | ... W61: =CHI!W$52 -> 4203.1956
A62: Basic chemicals | B62: =CHI!B$53 -> 1546.1621 | C62: =CHI!C$53 -> 1539.4954 | D62: =CHI!D$53 -> 1645.6234 | E62: =CHI!E$53 -> 1763.1746 | F62: =CHI!F$53 -> 1555.2736 | G62: =CHI!G$53 -> 1636.2599 | H62: =CHI!H$53 -> 2045.2776 | I62: =CHI!I$53 -> 2299.6233 | ... W62: =CHI!W$53 -> 3597.296
A63: Other chemicals | B63: =CHI!B$54 -> 1471.0174 | C63: =CHI!C$54 -> 1449.8814 | D63: =CHI!D$54 -> 1342.4963 | E63: =CHI!E$54 -> 1271.1266 | F63: =CHI!F$54 -> 1117.0242 | G63: =CHI!G$54 -> 1172.0794 | H63: =CHI!H$54 -> 845.7077 | I63: =CHI!I$54 -> 524.55012 | ... W63: =CHI!W$54 -> 468.75957
A64: Pharmaceutical products etc. | B64: =CHI!B$55 -> 132.57276 | C64: =CHI!C$55 -> 147.39517 | D64: =CHI!D$55 -> 154.64743 | E64: =CHI!E$55 -> 163.13158 | F64: =CHI!F$55 -> 153.06996 | G64: =CHI!G$55 -> 185.45326 | H64: =CHI!H$55 -> 145.33925 | I64: =CHI!I$55 -> 180.96662 | ... W64: =CHI!W$55 -> 137.13999
A65: Non-metallic mineral products | B65: =NMM!B$51 -> 1478.732 | C65: =NMM!C$51 -> 1379.294 | D65: =NMM!D$51 -> 1338.0839 | E65: =NMM!E$51 -> 1517.8407 | F65: =NMM!F$51 -> 1444.2097 | G65: =NMM!G$51 -> 1486.779 | H65: =NMM!H$51 -> 1552.7593 | I65: =NMM!I$51 -> 1442.9476 | ... W65: =NMM!W$51 -> 1317.6414
A66: Cement | B66: =NMM!B$52 -> 579.36 | C66: =NMM!C$52 -> 523.78063 | D66: =NMM!D$52 -> 507.12225 | E66: =NMM!E$52 -> 502.67213 | F66: =NMM!F$52 -> 527.50863 | G66: =NMM!G$52 -> 588.27665 | H66: =NMM!H$52 -> 577.57146 | I66: =NMM!I$52 -> 483.68131 | ... W66: =NMM!W$52 -> 471.30948
A67: Ceramics & other NMM | B67: =NMM!B$53 -> 496.63907 | C67: =NMM!C$53 -> 466.63435 | D67: =NMM!D$53 -> 437.94663 | E67: =NMM!E$53 -> 588.22012 | F67: =NMM!F$53 -> 477.68905 | G67: =NMM!G$53 -> 460.87596 | H67: =NMM!H$53 -> 503.84324 | I67: =NMM!I$53 -> 507.60133 | ... W67: =NMM!W$53 -> 634.49139
A68: Glass production | B68: =NMM!B$54 -> 402.73291 | C68: =NMM!C$54 -> 388.879 | D68: =NMM!D$54 -> 393.01504 | E68: =NMM!E$54 -> 426.94841 | F68: =NMM!F$54 -> 439.01203 | G68: =NMM!G$54 -> 437.62641 | H68: =NMM!H$54 -> 471.34463 | I68: =NMM!I$54 -> 451.66499 | ... W68: =NMM!W$54 -> 211.84058
A69: Pulp, paper and printing | B69: =PPA!B$52 -> 533.57997 | C69: =PPA!C$52 -> 512.78169 | D69: =PPA!D$52 -> 556.25297 | E69: =PPA!E$52 -> 605.58547 | F69: =PPA!F$52 -> 679.24256 | G69: =PPA!G$52 -> 736.74282 | H69: =PPA!H$52 -> 736.4859 | I69: =PPA!I$52 -> 750.34764 | ... W69: =PPA!W$52 -> 641.61943
A70: Pulp production | B70: =PPA!B$53 -> 97.785085 | C70: =PPA!C$53 -> 92.14204 | D70: =PPA!D$53 -> 112.35789 | E70: =PPA!E$53 -> 118.83909 | F70: =PPA!F$53 -> 140.25591 | G70: =PPA!G$53 -> 150.6219 | H70: =PPA!H$53 -> 156.66634 | I70: =PPA!I$53 -> 156.36407 | ... W70: =PPA!W$53 -> 133.71812
A71: Paper production | B71: =PPA!B$54 -> 345.42244 | C71: =PPA!C$54 -> 333.78981 | D71: =PPA!D$54 -> 349.68251 | E71: =PPA!E$54 -> 384.17836 | F71: =PPA!F$54 -> 423.94333 | G71: =PPA!G$54 -> 461.33878 | H71: =PPA!H$54 -> 455.08094 | I71: =PPA!I$54 -> 466.89719 | ... W71: =PPA!W$54 -> 388.05562
A72: Printing and media reproduction | B72: =PPA!B$55 -> 90.372441 | C72: =PPA!C$55 -> 86.849836 | D72: =PPA!D$55 -> 94.212568 | E72: =PPA!E$55 -> 102.56801 | F72: =PPA!F$55 -> 115.04332 | G72: =PPA!G$55 -> 124.78213 | H72: =PPA!H$55 -> 124.73862 | I72: =PPA!I$55 -> 127.08638 | ... W72: =PPA!W$55 -> 119.8457
A73: Food, beverages and tobacco | B73: =FBT!B$12 -> 725.73929 | C73: =FBT!C$12 -> 715.63164 | D73: =FBT!D$12 -> 718.19751 | E73: =FBT!E$12 -> 1042.1528 | F73: =FBT!F$12 -> 1162.2299 | G73: =FBT!G$12 -> 1137.6136 | H73: =FBT!H$12 -> 1095.9333 | I73: =FBT!I$12 -> 1105.5728 | ... W73: =FBT!W$12 -> 1689.6237
A74: Transport equipment | B74: =TRE!B$12 -> 207.05013 | C74: =TRE!C$12 -> 207.81625 | D74: =TRE!D$12 -> 226.91187 | E74: =TRE!E$12 -> 226.8276 | F74: =TRE!F$12 -> 182.52949 | G74: =TRE!G$12 -> 194.00946 | H74: =TRE!H$12 -> 186.7043 | I74: =TRE!I$12 -> 174.65658 | ... W74: =TRE!W$12 -> 110.33826
A75: Machinery equipment | B75: =MAE!B$12 -> 263.91771 | C75: =MAE!C$12 -> 250.06664 | D75: =MAE!D$12 -> 272.30533 | E75: =MAE!E$12 -> 342.97068 | F75: =MAE!F$12 -> 363.6184 | G75: =MAE!G$12 -> 396.99037 | H75: =MAE!H$12 -> 390.07506 | I75: =MAE!I$12 -> 377.75589 | ... W75: =MAE!W$12 -> 278.96684
A76: Textiles and leather | B76: =TEL!B$12 -> 252.56105 | C76: =TEL!C$12 -> 246.91118 | D76: =TEL!D$12 -> 239.52365 | E76: =TEL!E$12 -> 344.01505 | F76: =TEL!F$12 -> 309.72425 | G76: =TEL!G$12 -> 296.44368 | H76: =TEL!H$12 -> 294.24402 | I76: =TEL!I$12 -> 276.51049 | ... W76: =TEL!W$12 -> 162.17947
A77: Wood and wood products | B77: =WWP!B$12 -> 99.402923 | C77: =WWP!C$12 -> 116.32752 | D77: =WWP!D$12 -> 107.67171 | E77: =WWP!E$12 -> 137.18349 | F77: =WWP!F$12 -> 136.94927 | G77: =WWP!G$12 -> 134.99647 | H77: =WWP!H$12 -> 139.08968 | I77: =WWP!I$12 -> 148.15727 | ... W77: =WWP!W$12 -> 285.71576
A78: Other industrial sectors | B78: =OIS!B$12 -> 2144.1406 | C78: =OIS!C$12 -> 2590.1627 | D78: =OIS!D$12 -> 2113.1368 | E78: =OIS!E$12 -> 1193.8127 | F78: =OIS!F$12 -> 884.98418 | G78: =OIS!G$12 -> 906.11058 | H78: =OIS!H$12 -> 1066.6397 | I78: =OIS!I$12 -> 793.1681 | ... W78: =OIS!W$12 -> 556.45837
A80: Non-energy use (ktoe)
A81: by fuel (EUROSTAT DATA) | B81: 6949.2185 | C81: 6704.8708 | D81: 6671.2322 | E81: 6657.4503 | F81: 7041.5898 | G81: 7430.2365 | H81: 6920.805 | I81: 7005.4985 | J81: 8023.2416 | K81: 6370.3832 | L81: 7015.0407 | M81: 6881.3512 | N81: 6962.5977 | O81: 7489.5721 | P81: 8014.0511 | Q81: 7656.811 | R81: 7578.8599 | S81: 7477.3817 | T81: 7793.2033 | U81: 7229.6592 | V81: 7090.9372 | W81: 7526.7916
A82: Solids | B82: 151.09089 | C82: 165.48048 | D82: 148.11066 | E82: 140.29862 | F82: 164.59278 | G82: 167.2908 | H82: 167.58865 | I82: 180.52984 | J82: 197.62339 | K82: 167.01049 | L82: 170.87653 | M82: 156.48693 | N82: 165.48048 | O82: 171.77592 | P82: 214.0454 | Q82: 262.3405 | R82: 254.06647 | S82: 248.04084 | T82: 262.70026 | U82: 258.20353 | V82: 243.54411 | W82: 214.13534
A83: Liquids | B83: 5981.8813 | C83: 5917.1921 | D83: 5855.952 | E83: 5700.7262 | F83: 6003.6112 | G83: 6330.8972 | H83: 5864.7606 | I83: 5819.6044 | J83: 6880.7442 | K83: 5400.449 | L83: 5860.3899 | M83: 5735.3777 | N83: 5900.0668 | O83: 6376.5119 | P83: 6935.6595 | Q83: 6403.6831 | R83: 6385.4829 | S83: 6144.2113 | T83: 6480.9199 | U83: 5952.795 | V83: 5703.5347 | W83: 6288.768
A84: Refinery gas | B84: 0 | C84: 0 | D84: 0 | E84: 0 | F84: 0 | G84: 0 | H84: 0 | I84: 0 | J84: 0 | K84: 0 | L84: 0 | M84: 0 | N84: 0 | O84: 0 | P84: 0 | Q84: 0 | R84: 0 | S84: 0 | T84: 0 | U84: 0 | V84: 0 | W84: 0
A85: LPG | B85: 212.04738 | C85: 314.22562 | D85: 182.38272 | E85: 177.98796 | F85: 113.16518 | G85: 115.3626 | H85: 172.4945 | I85: 335.10077 | J85: 437.27911 | K85: 1077.816 | L85: 970.14428 | M85: 1210.7576 | N85: 1254.7052 | O85: 1345.8966 | P85: 1600.7929 | Q85: 1587.6087 | R85: 1322.8241 | S85: 1363.4757 | T85: 2054.1129 | U85: 2161.455 | V85: 2000.0936 | W85: 2086.2929
A86: Diesel oil | B86: 0 | C86: 0 | D86: 0 | E86: 0 | F86: 0 | G86: 0 | H86: 0 | I86: 0 | J86: 0 | K86: 0 | L86: 0 | M86: 0 | N86: 0 | O86: 0 | P86: 0 | Q86: 0 | R86: 0 | S86: 0 | T86: 0 | U86: 0 | V86: 0 | W86: 0
A87: Fuel oil | B87: 21.973861 | C87: 28.661479 | D87: 19.107653 | E87: 18.152279 | F87: 18.152279 | G87: 7.6430782 | H87: 8.5984523 | I87: 7.6430782 | J87: 7.6430782 | K87: 10.5092 | L87: 14.330782 | M87: 8.5984523 | N87: 8.5984523 | O87: 8.5984523 | P87: 12.419948 | Q87: 12.419948 | R87: 14.330782 | S87: 14.903955 | T87: 17.387962 | U87: 18.152279 | V87: 18.044368 | W87: 25.377816
A88: Other liquids | B88: =IF(ABS(B83-B84-B85-B86-B87-B89)<0.0000001,0,B83-B84-B85-B86-B87-B89) -> 1422.2653 | C88: =IF(ABS(C83-C84-C85-C86-C87-C89)<0.0000001,0,C83-C84-C85-C86-C87-C89) -> 1450.4873 | D88: =IF(ABS(D83-D84-D85-D86-D87-D89)<0.0000001,0,D83-D84-D85-D86-D87-D89) -> 1418.1953 | E88: =IF(ABS(E83-E84-E85-E86-E87-E89)<0.0000001,0,E83-E84-E85-E86-E87-E89) -> 1465.8929 | F88: =IF(ABS(F83-F84-F85-F86-F87-F89)<0.0000001,0,F83-F84-F85-F86-F87-F89) -> 1442.6577 | G88: =IF(ABS(G83-G84-G85-G86-G87-G89)<0.0000001,0,G83-G84-G85-G86-G87-G89) -> 1513.4232 | H88: =IF(ABS(H83-H84-H85-H86-H87-H89)<0.0000001,0,H83-H84-H85-H86-H87-H89) -> 1735.3539 | I88: =IF(ABS(I83-I84-I85-I86-I87-I89)<0.0000001,0,I83-I84-I85-I86-I87-I89) -> 1676.7267 | ... W88: =IF(ABS(W83-W84-W85-W86-W87-W89)<0.0000001,0,W83-W84-W85-W86-W87-W89) -> 1247.9498
A89: Naphtha | B89: 4325.5948 | C89: 4123.8177 | D89: 4236.2664 | E89: 4038.693 | F89: 4429.636 | G89: 4694.4684 | H89: 3948.3138 | I89: 3800.1338 | J89: 4715.4868 | K89: 2846.9475 | L89: 3298.844 | M89: 2922.6139 | N89: 3149.6131 | O89: 3514.283 | P89: 3741.2821 | Q89: 3268.3672 | R89: 3369.2557 | S89: 3095.8058 | T89: 3036.3236 | U89: 2534.6136 | V89: 2582.7601 | W89: 2929.1475
A90: Gas | B90: 816.24635 | C90: 622.19819 | D90: 667.16956 | E90: 816.42545 | F90: 873.38581 | G90: 932.0485 | H90: 888.45572 | I90: 1005.3643 | J90: 944.87403 | K90: 802.92373 | L90: 983.77429 | M90: 989.4865 | N90: 897.05039 | O90: 941.28426 | P90: 864.34617 | Q90: 990.78745 | R90: 939.31058 | S90: 1085.1296 | T90: 1049.5831 | U90: 1018.6607 | V90: 1143.8584 | W90: 1023.8882
A91: Natural gas | B91: 816.24635 | C91: 622.19819 | D91: 667.16956 | E91: 816.42545 | F91: 873.38581 | G91: 932.0485 | H91: 888.45572 | I91: 1005.3643 | J91: 944.87403 | K91: 802.92373 | L91: 983.77429 | M91: 989.4865 | N91: 897.05039 | O91: 941.28426 | P91: 864.34617 | Q91: 990.78745 | R91: 939.31058 | S91: 1085.1296 | T91: 1049.5831 | U91: 1018.6607 | V91: 1143.8584 | W91: 1023.8882
A92: Derived gases | B92: 0 | C92: 0 | D92: 0 | E92: 0 | F92: 0 | G92: 0 | H92: 0 | I92: 0 | J92: 0 | K92: 0 | L92: 0 | M92: 0 | N92: 0 | O92: 0 | P92: 0 | Q92: 0 | R92: 0 | S92: 0 | T92: 0 | U92: 0 | V92: 0 | W92: 0
A93: RES and wastes | B93: 0 | C93: 0 | D93: 0 | E93: 0 | F93: 0 | G93: 0 | H93: 0 | I93: 0 | J93: 0 | K93: 0 | L93: 0 | M93: 0 | N93: 0 | O93: 0 | P93: 0 | Q93: 0 | R93: 0 | S93: 0 | T93: 0 | U93: 0 | V93: 0 | W93: 0
A94: by sector | B94: =SUM(B95:B96) -> 6949.2185 | C94: =SUM(C95:C96) -> 6704.8708 | D94: =SUM(D95:D96) -> 6671.2322 | E94: =SUM(E95:E96) -> 6657.4503 | F94: =SUM(F95:F96) -> 7041.5898 | G94: =SUM(G95:G96) -> 7430.2365 | H94: =SUM(H95:H96) -> 6920.805 | I94: =SUM(I95:I96) -> 7005.4985 | ... W94: =SUM(W95:W96) -> 7526.7916
A95: Basic chemicals | B95: =CHI!B58 -> 6454.7741 | C95: =CHI!C58 -> 6341.1849 | D95: =CHI!D58 -> 6326.9646 | E95: =CHI!E58 -> 6330.0881 | F95: =CHI!F58 -> 6686.2683 | G95: =CHI!G58 -> 7015.2082 | H95: =CHI!H58 -> 6482.967 | I95: =CHI!I58 -> 6565.4967 | ... W95: =CHI!W58 -> 7213.8277
A96: Other industrial sectors | B96: 494.44441 | C96: 363.68591 | D96: 344.26767 | E96: 327.36216 | F96: 355.32146 | G96: 415.0283 | H96: 437.83798 | I96: 440.00185 | J96: 534.90499 | K96: 448.93484 | L96: 541.65467 | M96: 592.86331 | N96: 506.3533 | O96: 331.54198 | P96: 335.74564 | Q96: 386.57207 | R96: 326.23956 | S96: 323.10113 | T96: 327.21412 | U96: 307.04355 | V96: 268.87562 | W96: 312.96389
A98: CO2 emissions (kt CO2) | B98: =SUM(B99,B102,B108,B112,B116,B120:B126) -> 46012.361 | C98: =SUM(C99,C102,C108,C112,C116,C120:C126) -> 45037.649 | D98: =SUM(D99,D102,D108,D112,D116,D120:D126) -> 44171.254 | E98: =SUM(E99,E102,E108,E112,E116,E120:E126) -> 44913.002 | F98: =SUM(F99,F102,F108,F112,F116,F120:F126) -> 42778.98 | G98: =SUM(G99,G102,G108,G112,G116,G120:G126) -> 40320.351 | H98: =SUM(H99,H102,H108,H112,H116,H120:H126) -> 39410.691 | I98: =SUM(I99,I102,I108,I112,I116,I120:I126) -> 36567.06 | ... W98: =SUM(W99,W102,W108,W112,W116,W120:W126) -> 31863.078
A99: Iron and steel | B99: =ISI!B$54 -> 17662.027 | C99: =ISI!C$54 -> 16487.276 | D99: =ISI!D$54 -> 17511.077 | E99: =ISI!E$54 -> 18188.295 | F99: =ISI!F$54 -> 17427.495 | G99: =ISI!G$54 -> 14406.998 | H99: =ISI!H$54 -> 13519.485 | I99: =ISI!I$54 -> 12031.342 | ... W99: =ISI!W$54 -> 5473.739
A100: Integrated steelworks | B100: =ISI!B$55 -> 17008.792 | C100: =ISI!C$55 -> 15843.014 | D100: =ISI!D$55 -> 16810.964 | E100: =ISI!E$55 -> 17459.282 | F100: =ISI!F$55 -> 16768.255 | G100: =ISI!G$55 -> 13848.515 | H100: =ISI!H$55 -> 12913.043 | I100: =ISI!I$55 -> 11389.132 | ... W100: =ISI!W$55 -> 5183.9352
A101: Electric arc | B101: =ISI!B$56 -> 653.23502 | C101: =ISI!C$56 -> 644.26117 | D101: =ISI!D$56 -> 700.1132 | E101: =ISI!E$56 -> 729.01314 | F101: =ISI!F$56 -> 659.23971 | G101: =ISI!G$56 -> 558.48218 | H101: =ISI!H$56 -> 606.44167 | I101: =ISI!I$56 -> 642.20956 | ... W101: =ISI!W$56 -> 289.80385
A102: Non-ferrous metals | B102: =NFM!B$73 -> 474.77606 | C102: =NFM!C$73 -> 446.85922 | D102: =NFM!D$73 -> 475.18865 | E102: =NFM!E$73 -> 543.38308 | F102: =NFM!F$73 -> 548.60735 | G102: =NFM!G$73 -> 564.82163 | H102: =NFM!H$73 -> 570.35353 | I102: =NFM!I$73 -> 557.83977 | ... W102: =NFM!W$73 -> 376.76139
A103: Alumina production | B103: =NFM!B$74 -> 0 | C103: =NFM!C$74 -> 0 | D103: =NFM!D$74 -> 0 | E103: =NFM!E$74 -> 0 | F103: =NFM!F$74 -> 0 | G103: =NFM!G$74 -> 0 | H103: =NFM!H$74 -> 0 | I103: =NFM!I$74 -> 0 | ... W103: =NFM!W$74 -> 0
A104: Aluminium production | B104: =NFM!B$75 -> 0 | C104: =NFM!C$75 -> 0 | D104: =NFM!D$75 -> 0 | E104: =NFM!E$75 -> 0 | F104: =NFM!F$75 -> 0 | G104: =NFM!G$75 -> 0 | H104: =NFM!H$75 -> 0 | I104: =NFM!I$75 -> 0 | ... W104: =NFM!W$75 -> 0
...

Sheet Ind_Summary_fec
A1: =index!$A$1&": Industry Summary / final energy consumption" -> BE: Industry Summary / final energy consumption | B1: 2000 | C1: 2001 | D1: 2002 | E1: 2003 | F1: 2004 | G1: 2005 | H1: 2006 | I1: 2007 | J1: 2008 | K1: 2009 | L1: 2010 | M1: 2011 | N1: 2012 | O1: 2013 | P1: 2014 | Q1: 2015 | R1: 2016 | S1: 2017 | T1: 2018 | U1: 2019 | V1: 2020 | W1: 2021
A3: Detailed split of energy consumption (ktoe)
A5: All industrial sectors | B5: =SUM(B6:B10,B16,B27) -> 11592.05 | C5: =SUM(C6:C10,C16,C27) -> 11637.649 | D5: =SUM(D6:D10,D16,D27) -> 11324.085 | E5: =SUM(E6:E10,E16,E27) -> 11375.19 | F5: =SUM(F6:F10,F16,F27) -> 10557.458 | G5: =SUM(G6:G10,G16,G27) -> 10571.234 | H5: =SUM(H6:H10,H16,H27) -> 10661.996 | I5: =SUM(I6:I10,I16,I27) -> 10153.681 | ... W5: =SUM(W6:W10,W16,W27) -> 10578.786
A6: Lighting | B6: 98.460718 | C6: 96.621367 | D6: 96.091632 | E6: 103.03393 | F6: 106.1064 | G6: 106.80037 | H6: 113.73347 | I6: 110.33668 | J6: 110.40023 | K6: 98.089221 | L6: 112.63935 | M6: 105.82454 | N6: 103.57025 | O6: 105.27047 | P6: 103.67348 | Q6: 104.56546 | R6: 105.74261 | S6: 106.56421 | T6: 108.61727 | U6: 107.46649 | V6: 101.24521 | W6: 107.88047
A7: Air compressors | B7: 276.30254 | C7: 270.80551 | D7: 271.63476 | E7: 285.50097 | F7: 274.17452 | G7: 274.60253 | H7: 287.25642 | I7: 277.16972 | J7: 260.83456 | K7: 250.35071 | L7: 296.95349 | M7: 278.21811 | N7: 275.42973 | O7: 271.03774 | P7: 278.52028 | Q7: 284.17244 | R7: 292.89783 | S7: 303.5106 | T7: 299.85537 | U7: 298.99927 | V7: 293.46014 | W7: 303.15331
A8: Motor drives | B8: 437.6147 | C8: 425.47874 | D8: 430.43859 | E8: 450.30244 | F8: 440.53034 | G8: 437.36366 | H8: 450.81807 | I8: 440.22799 | J8: 421.33449 | K8: 381.89959 | L8: 446.00248 | M8: 426.39693 | N8: 418.91749 | O8: 414.48724 | P8: 421.15924 | Q8: 427.64342 | R8: 438.31005 | S8: 449.69504 | T8: 448.78012 | U8: 443.96435 | V8: 433.24879 | W8: 451.5028
A9: Fans and pumps | B9: 478.65932 | C9: 471.22479 | D9: 471.03391 | E9: 493.06095 | F9: 466.47408 | G9: 467.57966 | H9: 487.5365 | I9: 471.67149 | J9: 442.50621 | K9: 429.0765 | L9: 509.8192 | M9: 475.95521 | N9: 472.18743 | O9: 464.33577 | P9: 480.6383 | Q9: 490.73245 | R9: 506.7769 | S9: 526.855 | T9: 523.58055 | U9: 522.66723 | V9: 513.69545 | W9: 536.51618
A10: Low-enthalpy heat | B10: =SUM(B11:B15) -> 241.23918 | C10: =SUM(C11:C15) -> 256.48294 | D10: =SUM(D11:D15) -> 241.25458 | E10: =SUM(E11:E15) -> 228.28581 | F10: =SUM(F11:F15) -> 211.17712 | G10: =SUM(G11:G15) -> 219.19603 | H10: =SUM(H11:H15) -> 224.76516 | I10: =SUM(I11:I15) -> 213.47469 | ... W10: =SUM(W11:W15) -> 240.38781
A11: Diesel oil | B11: 14.115706 | C11: 29.943774 | D11: 11.860296 | E11: 13.454053 | F11: 7.8977473 | G11: 9.2336244 | H11: 8.1398852 | I11: 6.1415347 | J11: 2.6774972 | K11: 4.4619637 | L11: 6.8242055 | M11: 2.8767724 | N11: 6.0138618 | O11: 6.4737313 | P11: 5.2110698 | Q11: 4.0605287 | R11: 3.511286 | S11: 3.5132612 | T11: 3.4458126 | U11: 3.2767323 | V11: 4.4669683 | W11: 4.0235369
A12: Natural gas | B12: 131.41686 | C12: 130.82346 | D12: 138.5038 | E12: 135.51208 | F12: 115.25337 | G12: 122.96548 | H12: 120.18945 | I12: 111.77476 | J12: 109.81304 | K12: 125.74593 | L12: 133.72831 | M12: 127.75001 | N12: 131.86862 | O12: 147.90219 | P12: 135.29901 | Q12: 136.25007 | R12: 131.87007 | S12: 142.6324 | T12: 144.98694 | U12: 136.09059 | V12: 141.12737 | W12: 157.53893
A13: Solar and geothermal | B13: 0 | C13: 0 | D13: 0 | E13: 0 | F13: 0 | G13: 0 | H13: 0 | I13: 0 | J13: 0 | K13: 0 | L13: 0 | M13: 0 | N13: 0.0048151333 | O13: 0.009544282 | P13: 0.014359415 | Q13: 0.019088564 | R13: 0.083576956 | S13: 0.083576956 | T13: 0.083576956 | U13: 0.083576956 | V13: 0.083576956 | W13: 0.08116939
A14: Ambient heat | B14: 0 | C14: 0 | D14: 0 | E14: 0 | F14: 0 | G14: 0 | H14: 0 | I14: 0 | J14: 0 | K14: 0 | L14: 1.4808255 | M14: 1.600258 | N14: 2.2212382 | O14: 2.9616509 | P14: 4.7315563 | Q14: 6.305503 | R14: 8.2139295 | S14: 8.5363715 | T14: 8.027601 | U14: 8.7011178 | V14: 8.8397248 | W14: 4.9727429
A15: Electricity | B15: 95.706608 | C15: 95.715706 | D15: 90.890485 | E15: 79.319675 | F15: 88.026001 | G15: 86.996923 | H15: 96.435833 | I15: 95.558395 | J15: 93.756054 | K15: 78.141094 | L15: 94.071689 | M15: 86.371782 | N15: 80.698755 | O15: 74.437719 | P15: 78.830526 | Q15: 79.027606 | R15: 81.261608 | S15: 76.001944 | T15: 76.499839 | U15: 78.24287 | V15: 70.527528 | W15: 73.771428
A16: Steam processes | B16: =SUM(B17:B26) -> 3313.8837 | C16: =SUM(C17:C26) -> 3385.763 | D16: =SUM(D17:D26) -> 3204.5983 | E16: =SUM(E17:E26) -> 3207.1559 | F16: =SUM(F17:F26) -> 2877.0417 | G16: =SUM(G17:G26) -> 3005.6189 | H16: =SUM(H17:H26) -> 3003.747 | I16: =SUM(I17:I26) -> 2851.9569 | ... W16: =SUM(W17:W26) -> 3847.6356
A17: Solids | B17: 116.58324 | C17: 115.63164 | D17: 87.149752 | E17: 94.607548 | F17: 113.3763 | G17: 91.551369 | H17: 80.426149 | I17: 88.487809 | J17: 88.772051 | K17: 99.228708 | L17: 77.825995 | M17: 73.115303 | N17: 68.226499 | O17: 63.101002 | P17: 59.342786 | Q17: 65.267321 | R17: 58.112031 | S17: 61.091973 | T17: 62.109117 | U17: 62.398807 | V17: 54.238383 | W17: 45.888929
A18: Refinery gas | B18: 0 | C18: 0 | D18: 0 | E18: 0 | F18: 0 | G18: 0 | H18: 0 | I18: 0 | J18: 0 | K18: 0 | L18: 0 | M18: 0 | N18: 0 | O18: 0 | P18: 0 | Q18: 0 | R18: 0 | S18: 0 | T18: 0 | U18: 0 | V18: 0 | W18: 0
A19: LPG | B19: 80.780819 | C19: 19.746277 | D19: 25.425855 | E19: 6.5281571 | F19: 6.3315019 | G19: 6.9314422 | H19: 10.473275 | I19: 5.7654008 | J19: 8.7542914 | K19: 58.531579 | L19: 54.127535 | M19: 65.794522 | N19: 65.463203 | O19: 68.764841 | P19: 80.392541 | Q19: 82.865044 | R19: 65.447173 | S19: 78.581263 | T19: 115.08743 | U19: 124.97704 | V19: 117.22752 | W19: 114.76446
A20: Diesel oil | B20: 156.62732 | C20: 319.48549 | D20: 143.85314 | E20: 87.496333 | F20: 124.94038 | G20: 121.77436 | H20: 108.37177 | I20: 96.407262 | J20: 37.166857 | K20: 48.398436 | L20: 89.286239 | M20: 45.144646 | N20: 83.865896 | O20: 92.589481 | P20: 81.334671 | Q20: 57.702409 | R20: 57.629905 | S20: 56.28236 | T20: 53.889331 | U20: 53.96155 | V20: 51.132557 | W20: 48.188139
A21: Fuel oil | B21: 306.28509 | C21: 414.10993 | D21: 278.89283 | E21: 310.16229 | F21: 246.97117 | G21: 285.63398 | H21: 249.77407 | I21: 190.17726 | J21: 178.48293 | K21: 148.91783 | L21: 138.72923 | M21: 70.079343 | N21: 63.695017 | O21: 41.740705 | P21: 26.682862 | Q21: 27.47679 | R21: 21.354671 | S21: 22.374909 | T21: 22.320324 | U21: 19.246183 | V21: 18.573227 | W21: 17.242981
A22: Other liquids | B22: 263.01125 | C22: 68.925281 | D22: 75.874281 | E22: 72.375859 | F22: 18.498869 | G22: 28.94811 | H22: 20.534197 | I22: 16.376036 | J22: 14.577266 | K22: 946.00894 | L22: 1065.3564 | M22: 939.7003 | N22: 1005.0497 | O22: 1155.126 | P22: 1239.8037 | Q22: 1217.2852 | R22: 1276.1201 | S22: 983.93202 | T22: 977.38758 | U22: 766.7754 | V22: 850.94325 | W22: 945.24298
A23: Natural gas | B23: 1755.615 | C23: 1783.6216 | D23: 1914.091 | E23: 1860.4769 | F23: 1603.1815 | G23: 1643.9677 | H23: 1676.56 | I23: 1622.8826 | J23: 1562.277 | K23: 1224.2639 | L23: 1434.0608 | M23: 1385.8302 | N23: 1424.7503 | O23: 1467.5522 | P23: 1431.2746 | Q23: 1475.5621 | R23: 1476.3137 | S23: 1642.4072 | T23: 1666.8712 | U23: 1680.7948 | V23: 1624.3167 | W23: 1741.1509
A24: Derived gases | B24: 20.221672 | C24: 46.441654 | D24: 53.656138 | E24: 61.818592 | F24: 51.901038 | G24: 37.851693 | H24: 30.629643 | I24: 36.054348 | J24: 36.157223 | K24: 20.791854 | L24: 21.657957 | M24: 20.237832 | N24: 18.305433 | O24: 18.19352 | P24: 15.582722 | Q24: 13.957766 | R24: 13.903007 | S24: 14.599749 | T24: 14.466375 | U24: 12.550844 | V24: 11.539649 | W24: 14.85962
A25: Biomass and waste | B25: 188.29993 | C25: 197.38453 | D25: 213.69386 | E25: 264.13444 | F25: 299.32307 | G25: 330.43107 | H25: 356.75965 | I25: 385.7078 | J25: 396.42224 | K25: 430.35713 | L25: 521.81448 | M25: 531.13054 | N25: 513.57381 | O25: 586.60944 | P25: 578.7111 | Q25: 565.60595 | R25: 571.81527 | S25: 570.51084 | T25: 575.82454 | U25: 528.46864 | V25: 492.24297 | W25: 553.52336
A26: Distributed steam | B26: 426.45942 | C26: 420.4166 | D26: 411.96148 | E26: 449.5558 | F26: 412.51788 | G26: 458.52915 | H26: 470.21823 | I26: 410.09837 | J26: 471.68478 | K26: 516.32511 | L26: 559.40817 | M26: 550.6712 | N26: 547.50413 | O26: 501.91788 | P26: 417.65546 | Q26: 408.93044 | R26: 394.91264 | S26: 322.17206 | T26: 350.90533 | U26: 378.22442 | V26: 361.01092 | W26: 366.77429
A27: Other processes | B27: =SUM(B28:B37) -> 6745.8902 | C27: =SUM(C28:C37) -> 6731.2724 | D27: =SUM(D28:D37) -> 6609.033 | E27: =SUM(E28:E37) -> 6607.8496 | F27: =SUM(F28:F37) -> 6181.9536 | G27: =SUM(G28:G37) -> 6060.073 | H27: =SUM(H28:H37) -> 6094.139 | I27: =SUM(I28:I37) -> 5788.8432 | ... W27: =SUM(W28:W37) -> 5091.7098
A28: Solids | B28: 376.23129 | C28: 283.42089 | D28: 252.69453 | E28: 189.45144 | F28: 209.95122 | G28: 254.9537 | H28: 269.17634 | I28: 256.7919 | J28: 276.45581 | K28: 211.28221 | L28: 281.33385 | M28: 278.08668 | N28: 280.63188 | O28: 336.70227 | P28: 340.92841 | Q28: 347.20448 | R28: 335.79382 | S28: 321.40055 | T28: 347.22872 | U28: 349.0386 | V28: 283.23857 | W28: 309.33403
A29: Coke | B29: 217.70301 | C29: 265.84716 | D29: 313.99132 | E29: 374.83818 | F29: 187.13525 | G29: 109.0503 | H29: 0 | I29: 0 | J29: 0 | K29: 0 | L29: 0 | M29: 0 | N29: 0 | O29: 7.000086 | P29: 7.0703353 | Q29: 7.0703353 | R29: 7.0703353 | S29: 6.5623388 | T29: 5.583233 | U29: 8.0256234 | V29: 5.7226139 | W29: 8.9981083
A30: LPG | B30: 60.950393 | C30: 22.004024 | D30: 21.817911 | E30: 13.248283 | F30: 5.7541387 | G30: 6.2528226 | H30: 9.3031648 | I30: 5.2215295 | J30: 6.6274799 | K30: 81.002299 | L30: 74.419413 | M30: 89.120955 | N30: 92.748319 | O30: 100.43361 | P30: 117.37186 | Q30: 115.99807 | R30: 97.15919 | S30: 90.617189 | T30: 132.77723 | U30: 133.21531 | V30: 130.86362 | W30: 130.05042
A31: Diesel oil | B31: 259.6525 | C31: 424.87573 | D31: 257.38476 | E31: 208.36458 | F31: 164.26712 | G31: 157.39416 | H31: 131.01027 | I31: 122.17451 | J31: 71.164674 | K31: 88.11776 | L31: 137.37614 | M31: 94.414695 | N31: 138.16607 | O31: 152.82879 | P31: 131.54162 | Q31: 127.31075 | R31: 124.13086 | S31: 127.25657 | T31: 126.38824 | U31: 124.63833 | V31: 139.78156 | W31: 132.91068
A32: Fuel oil | B32: 310.89255 | C32: 389.36754 | D32: 250.38971 | E32: 406.37537 | F32: 312.8836 | G32: 331.54384 | H32: 374.09145 | I32: 310.44363 | J32: 345.06728 | K32: 315.3986 | L32: 194.69957 | M32: 187.87414 | N32: 119.7386 | O32: 87.23608 | P32: 52.61387 | Q32: 51.819942 | R32: 42.655991 | S32: 39.629477 | T32: 37.964371 | U32: 30.911426 | V32: 30.059619 | W32: 28.012565
A33: Other liquids | B33: 139.73071 | C33: 124.55426 | D33: 146.25719 | E33: 139.97719 | F33: 94.1504 | G33: 113.14123 | H33: 96.309139 | I33: 85.525168 | J33: 47.842682 | K33: 63.033713 | L33: 52.896265 | M33: 58.001935 | N33: 62.395548 | O33: 52.980412 | P33: 63.157939 | Q33: 53.981484 | R33: 47.262922 | S33: 34.155771 | T33: 45.971572 | U33: 50.218494 | V33: 50.673343 | W33: 44.810848
A34: Natural gas | B34: 2606.3001 | C34: 2465.3118 | D34: 2619.7992 | E34: 2416.1739 | F34: 2404.4643 | G34: 2406.5989 | H34: 2414.9267 | I34: 2328.161 | J34: 2231.7651 | K34: 1904.0515 | L34: 2225.5811 | M34: 2185.9054 | N34: 2200.6409 | O34: 2219.199 | P34: 2123.5955 | Q34: 2163.2475 | R34: 2222.4069 | S34: 2251.7121 | T34: 2256.2463 | U34: 2178.6597 | V34: 2141.9118 | W34: 2221.9192
A35: Derived gases | B35: 544.08994 | C35: 514.74588 | D35: 530.67078 | E35: 595.25845 | F35: 568.4797 | G35: 458.02586 | H35: 424.83992 | I35: 384.32639 | J35: 393.49076 | K35: 213.81692 | L35: 226.62717 | M35: 212.49355 | N35: 190.89259 | O35: 189.17252 | P35: 165.88039 | Q35: 148.33802 | R35: 149.48908 | S35: 156.98142 | T35: 158.67894 | U35: 140.52568 | V35: 129.68967 | W35: 165.40117
A36: Biomass and waste | B36: 189.0527 | C36: 228.33438 | D36: 228.48155 | E36: 233.76367 | F36: 207.2213 | G36: 211.17589 | H36: 233.66735 | I36: 133.08945 | J36: 213.20794 | K36: 194.96531 | L36: 231.71321 | M36: 264.44126 | N36: 227.20426 | O36: 225.00793 | P36: 224.90274 | Q36: 226.21116 | R36: 227.47544 | S36: 191.32149 | T36: 219.83333 | U36: 229.02637 | V36: 232.02376 | W36: 235.57329
A37: Electricity | B37: 2041.2871 | C37: 2012.8108 | D37: 1987.546 | E37: 2030.3985 | F37: 2027.6465 | G37: 2011.9363 | H37: 2140.8147 | I37: 2163.1097 | J37: 2133.3783 | K37: 1713.7069 | L37: 1967.2464 | M37: 2002.96 | N37: 1940.6237 | O37: 1918.7974 | P37: 1899.7319 | Q37: 1889.3444 | R37: 1873.661 | S37: 1854.9914 | T37: 1896.8801 | U37: 1838.892 | V37: 1711.9243 | W37: 1814.6995
A39: Market shares of energy uses (%)
A41: =$A$5 -> All industrial sectors | B41: =SUM(B42:B46,B47,B48) -> 1 | C41: =SUM(C42:C46,C47,C48) -> 1 | D41: =SUM(D42:D46,D47,D48) -> 1 | E41: =SUM(E42:E46,E47,E48) -> 1 | F41: =SUM(F42:F46,F47,F48) -> 1 | G41: =SUM(G42:G46,G47,G48) -> 1 | H41: =SUM(H42:H46,H47,H48) -> 1 | I41: =SUM(I42:I46,I47,I48) -> 1 | ... W41: =SUM(W42:W46,W47,W48) -> 1
A42: Lighting | B42: =IF(B6=0,0,B6/B$5) -> 0.0084938138 | C42: =IF(C6=0,0,C6/C$5) -> 0.0083024818 | D42: =IF(D6=0,0,D6/D$5) -> 0.0084855981 | E42: =IF(E6=0,0,E6/E$5) -> 0.0090577767 | F42: =IF(F6=0,0,F6/F$5) -> 0.010050375 | G42: =IF(G6=0,0,G6/G$5) -> 0.010102924 | H42: =IF(H6=0,0,H6/H$5) -> 0.010667184 | I42: =IF(I6=0,0,I6/I$5) -> 0.010866668 | ... W42: =IF(W6=0,0,W6/W$5) -> 0.010197812
A43: Air compressors | B43: =IF(B7=0,0,B7/B$5) -> 0.023835519 | C43: =IF(C7=0,0,C7/C$5) -> 0.023269779 | D43: =IF(D7=0,0,D7/D$5) -> 0.023987348 | E43: =IF(E7=0,0,E7/E$5) -> 0.025098568 | F43: =IF(F7=0,0,F7/F$5) -> 0.025969748 | G43: =IF(G7=0,0,G7/G$5) -> 0.025976393 | H43: =IF(H7=0,0,H7/H$5) -> 0.026942088 | I43: =IF(I7=0,0,I7/I$5) -> 0.027297463 | ... W43: =IF(W7=0,0,W7/W$5) -> 0.02865672
A44: Motor drives | B44: =IF(B8=0,0,B8/B$5) -> 0.037751277 | C44: =IF(C8=0,0,C8/C$5) -> 0.036560542 | D44: =IF(D8=0,0,D8/D$5) -> 0.038010894 | E44: =IF(E8=0,0,E8/E$5) -> 0.039586368 | F44: =IF(F8=0,0,F8/F$5) -> 0.041726934 | G44: =IF(G8=0,0,G8/G$5) -> 0.041372999 | H44: =IF(H8=0,0,H8/H$5) -> 0.04228271 | I44: =IF(I8=0,0,I8/I$5) -> 0.043356494 | ... W44: =IF(W8=0,0,W8/W$5) -> 0.042680021
A45: Fans and pumps | B45: =IF(B9=0,0,B9/B$5) -> 0.041292033 | C45: =IF(C9=0,0,C9/C$5) -> 0.040491408 | D45: =IF(D9=0,0,D9/D$5) -> 0.04159576 | E45: =IF(E9=0,0,E9/E$5) -> 0.043345295 | F45: =IF(F9=0,0,F9/F$5) -> 0.044184319 | G45: =IF(G9=0,0,G9/G$5) -> 0.044231322 | H45: =IF(H9=0,0,H9/H$5) -> 0.045726571 | I45: =IF(I9=0,0,I9/I$5) -> 0.046453253 | ... W45: =IF(W9=0,0,W9/W$5) -> 0.050716233
A46: Low-enthalpy heat | B46: =IF(B10=0,0,B10/B$5) -> 0.020810743 | C46: =IF(C10=0,0,C10/C$5) -> 0.022039069 | D46: =IF(D10=0,0,D10/D$5) -> 0.021304554 | E46: =IF(E10=0,0,E10/E$5) -> 0.020068748 | F46: =IF(F10=0,0,F10/F$5) -> 0.020002649 | G46: =IF(G10=0,0,G10/G$5) -> 0.020735141 | H46: =IF(H10=0,0,H10/H$5) -> 0.021080966 | I46: =IF(I10=0,0,I10/I$5) -> 0.021024365 | ... W46: =IF(W10=0,0,W10/W$5) -> 0.022723573
A47: =$A$16 -> Steam processes | B47: =IF(B16=0,0,B16/B$5) -> 0.28587554 | C47: =IF(C16=0,0,C16/C$5) -> 0.29093188 | D47: =IF(D16=0,0,D16/D$5) -> 0.28298961 | E47: =IF(E16=0,0,E16/E$5) -> 0.28194308 | F47: =IF(F16=0,0,F16/F$5) -> 0.27251274 | G47: =IF(G16=0,0,G16/G$5) -> 0.28432053 | H47: =IF(H16=0,0,H16/H$5) -> 0.28172465 | I47: =IF(I16=0,0,I16/I$5) -> 0.28087912 | ... W47: =IF(W16=0,0,W16/W$5) -> 0.3637124
A48: =$A$27 -> Other processes | B48: =IF(B27=0,0,B27/B$5) -> 0.58194107 | C48: =IF(C27=0,0,C27/C$5) -> 0.57840484 | D48: =IF(D27=0,0,D27/D$5) -> 0.58362624 | E48: =IF(E27=0,0,E27/E$5) -> 0.58090017 | F48: =IF(F27=0,0,F27/F$5) -> 0.58555324 | G48: =IF(G27=0,0,G27/G$5) -> 0.57326069 | H48: =IF(H27=0,0,H27/H$5) -> 0.57157583 | I48: =IF(I27=0,0,I27/I$5) -> 0.57012264 | ... W48: =IF(W27=0,0,W27/W$5) -> 0.48131324

Sheet Ind_Summary_ued
A1: =index!$A$1&": Industry Summary / useful energy demand" -> BE: Industry Summary / useful energy demand | B1: 2000 | C1: 2001 | D1: 2002 | E1: 2003 | F1: 2004 | G1: 2005 | H1: 2006 | I1: 2007 | J1: 2008 | K1: 2009 | L1: 2010 | M1: 2011 | N1: 2012 | O1: 2013 | P1: 2014 | Q1: 2015 | R1: 2016 | S1: 2017 | T1: 2018 | U1: 2019 | V1: 2020 | W1: 2021
A3: Detailed split of useful energy demand (ktoe)
A5: All industrial sectors | B5: =SUM(B6:B10,B16,B27) -> 5677.4036 | C5: =SUM(C6:C10,C16,C27) -> 5618.7511 | D5: =SUM(D6:D10,D16,D27) -> 5562.336 | E5: =SUM(E6:E10,E16,E27) -> 5734.3229 | F5: =SUM(F6:F10,F16,F27) -> 5380.5649 | G5: =SUM(G6:G10,G16,G27) -> 5400.0982 | H5: =SUM(H6:H10,H16,H27) -> 5452.5804 | I5: =SUM(I6:I10,I16,I27) -> 5250.2191 | ... W5: =SUM(W6:W10,W16,W27) -> 5748.2638
A6: Lighting | B6: 44.740504 | C6: 43.91394 | D6: 43.66256 | E6: 46.954114 | F6: 48.310452 | G6: 48.717956 | H6: 51.802631 | I6: 50.393164 | J6: 50.568736 | K6: 44.918477 | L6: 51.290533 | M6: 48.57407 | N6: 47.675331 | O6: 48.639524 | P6: 48.008699 | Q6: 48.541101 | R6: 49.199895 | S6: 49.616603 | T6: 50.864103 | U6: 50.4384 | V6: 47.693218 | W6: 51.058244
A7: Air compressors | B7: 30.853037 | C7: 30.26424 | D7: 30.284882 | E7: 31.920695 | F7: 30.688741 | G7: 30.900953 | H7: 32.27448 | I7: 31.200461 | J7: 29.557111 | K7: 28.418131 | L7: 33.619501 | M7: 31.590985 | N7: 31.43507 | O7: 31.143737 | P7: 32.282732 | Q7: 33.108206 | R7: 34.320489 | S7: 35.723582 | T7: 35.933982 | U7: 36.095351 | V7: 35.678692 | W7: 37.102243
A8: Motor drives | B8: 274.18884 | C8: 266.42178 | D8: 269.49679 | E8: 282.66346 | F8: 277.25593 | G8: 275.90059 | H8: 284.88352 | I8: 279.10823 | J8: 269.03819 | K8: 242.41457 | L8: 282.40638 | M8: 270.82958 | N8: 267.02643 | O8: 265.69655 | P8: 271.27974 | Q8: 276.51169 | R8: 284.87274 | S8: 293.07725 | T8: 295.60188 | U8: 293.33906 | V8: 288.26487 | W8: 302.67612
A9: Fans and pumps | B9: 207.10034 | C9: 204.19211 | D9: 203.32214 | E9: 213.23615 | F9: 201.51102 | G9: 203.13028 | H9: 211.20181 | I9: 204.46345 | J9: 193.21445 | K9: 188.07331 | L9: 222.88881 | M9: 208.43418 | N9: 207.87964 | O9: 205.86397 | P9: 215.24186 | Q9: 220.73677 | R9: 229.1598 | S9: 239.45568 | T9: 242.84862 | U9: 244.31072 | V9: 241.61708 | W9: 254.44033
A10: Low-enthalpy heat | B10: =SUM(B11:B15) -> 167.58811 | C10: =SUM(C11:C15) -> 176.79208 | D10: =SUM(D11:D15) -> 166.97732 | E10: =SUM(E11:E15) -> 156.35199 | F10: =SUM(F11:F15) -> 147.64859 | G10: =SUM(G11:G15) -> 152.80445 | H10: =SUM(H11:H15) -> 158.0666 | I10: =SUM(I11:I15) -> 150.92324 | ... W10: =SUM(W11:W15) -> 178.89224
A11: Diesel oil | B11: 8.4483223 | C11: 18.015591 | D11: 7.0732387 | E11: 8.1054177 | F11: 4.7379007 | G11: 5.5175046 | H11: 4.8813667 | I11: 3.6694311 | J11: 1.5838648 | K11: 2.6340147 | L11: 4.0678875 | M11: 1.7205718 | N11: 3.5774317 | O11: 3.8644498 | P11: 3.0976283 | Q11: 2.4163631 | R11: 2.0940904 | S11: 2.1103464 | T11: 2.0916135 | U11: 1.9914122 | V11: 2.7804097 | W11: 2.5249972
A12: Natural gas | B12: 82.307092 | C12: 81.718349 | D12: 86.862916 | E12: 84.944479 | F12: 73.29409 | G12: 78.025662 | H12: 76.439832 | I12: 70.822842 | J12: 70.463723 | K12: 80.18777 | L12: 84.970607 | M12: 81.13899 | N12: 84.066928 | O12: 95.189278 | P12: 87.483202 | Q12: 88.865133 | R12: 86.742045 | S12: 95.119618 | T12: 98.228065 | U12: 92.843625 | V12: 97.195509 | W12: 110.05745
A13: Solar and geothermal | B13: 0 | C13: 0 | D13: 0 | E13: 0 | F13: 0 | G13: 0 | H13: 0 | I13: 0 | J13: 0 | K13: 0 | L13: 0 | M13: 0 | N13: 0.0037009933 | O13: 0.0073358975 | P13: 0.011036891 | Q13: 0.014671795 | R13: 0.06423867 | S13: 0.06423867 | T13: 0.06423867 | U13: 0.06423867 | V13: 0.06423867 | W13: 0.062388173
A14: Ambient heat | B14: 0 | C14: 0 | D14: 0 | E14: 0 | F14: 0 | G14: 0 | H14: 0 | I14: 0 | J14: 0 | K14: 0 | L14: 1.3543952 | M14: 1.4679239 | N14: 2.0434209 | O14: 2.7366324 | P14: 4.3924527 | Q14: 5.8963323 | R14: 7.708551 | S14: 8.0440276 | T14: 7.65253 | U14: 8.3567971 | V14: 8.5132799 | W14: 4.8178687
A15: Electricity | B15: 76.832693 | C15: 77.058135 | D15: 73.041163 | E15: 63.302098 | F15: 69.616601 | G15: 69.26128 | H15: 76.745401 | I15: 76.430972 | J15: 75.572494 | K15: 63.133544 | L15: 75.429638 | M15: 69.940185 | N15: 65.469974 | O15: 60.517709 | P15: 64.470137 | Q15: 64.804984 | R15: 66.531351 | S15: 61.912088 | T15: 63.371431 | U15: 64.8519 | V15: 58.267259 | W15: 61.429538
A16: Steam processes | B16: =SUM(B17:B26) -> 1717.4066 | C16: =SUM(C17:C26) -> 1725.216 | D16: =SUM(D17:D26) -> 1680.8086 | E16: =SUM(E17:E26) -> 1732.6576 | F16: =SUM(F17:F26) -> 1590.8816 | G16: =SUM(G17:G26) -> 1677.297 | H16: =SUM(H17:H26) -> 1674.2745 | I16: =SUM(I17:I26) -> 1609.278 | ... W16: =SUM(W17:W26) -> 2249.7875
A17: Solids | B17: 55.057564 | C17: 56.386776 | D17: 44.344648 | E17: 47.086964 | F17: 56.255558 | G17: 45.627649 | H17: 38.196136 | I17: 44.203878 | J17: 44.497912 | K17: 49.251596 | L17: 37.985785 | M17: 35.401678 | N17: 33.146213 | O17: 33.620127 | P17: 31.406592 | Q17: 35.195398 | R17: 31.313882 | S17: 32.359684 | T17: 32.803288 | U17: 32.143913 | V17: 29.294907 | W17: 25.295477
A18: Refinery gas | B18: 0 | C18: 0 | D18: 0 | E18: 0 | F18: 0 | G18: 0 | H18: 0 | I18: 0 | J18: 0 | K18: 0 | L18: 0 | M18: 0 | N18: 0 | O18: 0 | P18: 0 | Q18: 0 | R18: 0 | S18: 0 | T18: 0 | U18: 0 | V18: 0 | W18: 0
A19: LPG | B19: 42.98065 | C19: 7.5733375 | D19: 12.756302 | E19: 2.5037599 | F19: 2.4283363 | G19: 2.6584328 | H19: 4.0168407 | I19: 2.2112181 | J19: 3.9144507 | K19: 33.249306 | L19: 30.552587 | M19: 37.633516 | N19: 37.788494 | O19: 40.025817 | P19: 47.758791 | Q19: 49.262097 | R19: 39.576215 | S19: 47.671776 | T19: 72.126965 | U19: 79.457938 | V19: 74.305506 | W19: 72.966505
A20: Diesel oil | B20: 66.138384 | C20: 128.30564 | D20: 59.946649 | E20: 37.630866 | F20: 53.504671 | G20: 52.030564 | H20: 46.291252 | I20: 41.232367 | J20: 18.136265 | K20: 22.144835 | L20: 37.476021 | M20: 20.256191 | N20: 36.187733 | O20: 40.281635 | P20: 35.521123 | Q20: 27.684427 | R20: 26.439064 | S20: 25.895959 | T20: 25.023649 | U20: 25.136825 | V20: 26.288182 | W20: 24.787179
A21: Fuel oil | B21: 140.41666 | C21: 183.96651 | D21: 136.88655 | E21: 141.78801 | F21: 117.45799 | G21: 132.86341 | H21: 111.83769 | I21: 90.133603 | J21: 78.72888 | K21: 61.024046 | L21: 61.260432 | M21: 33.599916 | N21: 33.502379 | O21: 23.907153 | P21: 15.332022 | Q21: 15.538799 | R21: 12.280844 | S21: 12.827575 | T21: 13.372235 | U21: 11.68129 | V21: 11.184939 | W21: 10.416912
A22: Other liquids | B22: 111.81022 | C22: 26.606044 | D22: 27.977648 | E22: 29.349417 | F22: 7.7927003 | G22: 13.274794 | H22: 9.8264685 | I22: 7.8304654 | J22: 5.4291806 | K22: 497.27604 | L22: 560.69986 | M22: 493.91633 | N22: 531.71707 | O22: 615.8913 | P22: 670.75423 | Q22: 661.99513 | R22: 698.45381 | S22: 542.49931 | T22: 552.71747 | U22: 437.41413 | V22: 488.15586 | W22: 546.79226
A23: Natural gas | B23: 967.40942 | C23: 975.80546 | D23: 1042.8753 | E23: 1071.9742 | F23: 892.58592 | G23: 925.08892 | H23: 937.46876 | I23: 917.42303 | J23: 878.93721 | K23: 673.46866 | L23: 787.92166 | M23: 756.89152 | N23: 779.35637 | O23: 804.42476 | P23: 799.32198 | Q23: 822.53265 | R23: 829.20526 | S23: 929.71521 | T23: 943.67715 | U23: 958.52104 | V23: 926.05018 | W23: 998.35579
A24: Derived gases | B24: 10.372213 | C24: 23.825604 | D24: 27.537469 | E24: 31.725827 | F24: 26.633045 | G24: 19.424089 | H24: 15.901163 | I24: 18.726749 | J24: 18.77333 | K24: 10.81487 | L24: 11.251992 | M24: 10.513685 | N24: 9.5124602 | O24: 9.4499074 | P24: 8.0926716 | Q24: 7.2500079 | R24: 7.2181855 | S24: 7.5807977 | T24: 7.5144795 | U24: 6.5486393 | V24: 6.0171829 | W24: 7.7501484
A25: Biomass and waste | B25: 110.18104 | C25: 112.64128 | D25: 123.14094 | E25: 149.95953 | F25: 170.46724 | G25: 191.13735 | H25: 209.67951 | I25: 224.60514 | J25: 234.50375 | K25: 257.40596 | L25: 292.30607 | M25: 293.44531 | N25: 283.13422 | O25: 331.06712 | P25: 323.54699 | Q25: 314.27047 | R25: 322.14927 | S25: 323.65798 | T25: 328.01469 | U25: 301.13724 | V25: 276.75892 | W25: 312.7663
A26: Distributed steam | B26: 213.04047 | C26: 210.1053 | D26: 205.34308 | E26: 220.63899 | F26: 263.75613 | G26: 295.19182 | H26: 301.05671 | I26: 262.91158 | J26: 303.44752 | K26: 335.5366 | L26: 365.03987 | M26: 359.05572 | N26: 357.1455 | O26: 328.3709 | P26: 273.56726 | Q26: 269.61025 | R26: 262.71621 | S26: 215.10108 | T26: 237.9033 | U26: 257.28051 | V26: 245.69281 | W26: 250.65696
A27: Other processes | B27: =SUM(B28:B37) -> 3235.5261 | C27: =SUM(C28:C37) -> 3171.951 | D27: =SUM(D28:D37) -> 3167.7837 | E27: =SUM(E28:E37) -> 3270.5389 | F27: =SUM(F28:F37) -> 3084.2686 | G27: =SUM(G28:G37) -> 3011.3469 | H27: =SUM(H28:H37) -> 3040.0768 | I27: =SUM(I28:I37) -> 2924.8525 | ... W27: =SUM(W28:W37) -> 2674.3071
A28: Solids | B28: 159.32348 | C28: 119.13306 | D28: 106.69641 | E28: 79.694958 | F28: 89.038551 | G28: 108.69143 | H28: 113.20383 | I28: 111.37175 | J28: 119.91948 | K28: 91.61827 | L28: 123.87155 | M28: 126.44312 | N28: 130.41434 | O28: 162.54232 | P28: 164.30091 | Q28: 171.72728 | R28: 164.60945 | S28: 154.71209 | T28: 169.80281 | U28: 172.64559 | V28: 143.36982 | W28: 157.69129
A29: Coke | B29: 121.91319 | C29: 148.8738 | D29: 175.83442 | E29: 209.90852 | F29: 104.79531 | G29: 61.067919 | H29: 0 | I29: 0 | J29: 0 | K29: 0 | L29: 0 | M29: 0 | N29: 0 | O29: 3.9580599 | P29: 3.997781 | Q29: 3.997781 | R29: 3.997781 | S29: 3.7105444 | T29: 3.1569285 | U29: 4.5379297 | V29: 3.2357386 | W29: 5.0878021
A30: LPG | B30: 20.115353 | C30: 5.650182 | D30: 6.6415004 | E30: 3.4018874 | F30: 1.4775448 | G30: 1.6055966 | H30: 2.3888619 | I30: 1.3407817 | J30: 1.7335097 | K30: 30.379634 | L30: 27.827331 | M30: 33.560324 | N30: 35.167515 | O30: 38.417543 | P30: 45.745368 | Q30: 45.296248 | R30: 38.435433 | S30: 35.927551 | T30: 54.649219 | U30: 55.329989 | V30: 54.07191 | W30: 53.958844
A31: Diesel oil | B31: 75.067756 | C31: 117.2265 | D31: 75.982374 | E31: 61.616721 | F31: 51.798543 | G31: 49.417023 | H31: 41.39924 | I31: 37.992806 | J31: 25.397409 | K31: 29.685759 | L31: 42.968991 | M31: 31.733514 | N31: 45.011407 | O31: 50.123697 | P31: 42.913489 | Q31: 43.529871 | R31: 41.031959 | S31: 41.855785 | T31: 41.697842 | U31: 41.126388 | V31: 53.501207 | W31: 51.105637
A32: Fuel oil | B32: 108.31637 | C32: 124.9717 | D32: 92.303885 | E32: 141.90545 | F32: 118.67673 | G32: 120.24602 | H32: 133.32135 | I32: 117.91388 | J32: 127.30392 | K32: 114.32398 | L32: 69.894061 | M32: 76.074938 | N32: 45.927222 | O32: 34.589177 | P32: 20.328074 | Q32: 19.970988 | R32: 16.879375 | S32: 15.654352 | T32: 15.736293 | U32: 12.895332 | V32: 12.709248 | W32: 11.889546
A33: Other liquids | B33: 68.636574 | C33: 61.278256 | D33: 71.92514 | E33: 69.507221 | F33: 46.530812 | G33: 55.771921 | H33: 48.064466 | I33: 42.781267 | J33: 23.940078 | K33: 31.501596 | L33: 26.442764 | M33: 29.395264 | N33: 31.884263 | O33: 27.262013 | P33: 32.722111 | Q33: 28.545632 | R33: 24.877229 | S33: 17.847188 | T33: 24.126851 | U33: 26.528792 | V33: 27.229466 | W33: 24.105732
A34: Natural gas | B34: 1119.694 | C34: 1045.717 | D34: 1093.9583 | E34: 1095.8685 | F34: 1093.0212 | G34: 1097.7891 | H34: 1103.5038 | I34: 1074.1286 | J34: 1029.9354 | K34: 853.70053 | L34: 1000.6406 | M34: 987.063 | N34: 995.09071 | O34: 1001.0404 | P34: 972.76047 | Q34: 1000.8116 | R34: 1030.9136 | S34: 1041.126 | T34: 1057.3484 | U34: 1029.5093 | V34: 1016.309 | W34: 1051.4753
A35: Derived gases | B35: 279.23816 | C35: 262.80154 | D35: 270.11409 | E35: 301.96582 | F35: 291.74069 | G35: 236.19924 | H35: 223.56439 | I35: 202.17572 | J35: 206.87346 | K35: 112.27106 | L35: 119.57591 | M35: 112.10704 | N35: 100.73296 | O35: 99.917956 | P35: 87.608455 | Q35: 78.298536 | R35: 78.937794 | S35: 82.843628 | T35: 83.640747 | U35: 74.066836 | V35: 68.513177 | W35: 87.361909
A36: Biomass and waste | B36: 97.100343 | C36: 117.54557 | D36: 117.51219 | E36: 122.11745 | F36: 107.22238 | G36: 108.69681 | H36: 121.9933 | I36: 69.859165 | J36: 112.00399 | K36: 102.11841 | L36: 121.44581 | M36: 140.8544 | N36: 122.33516 | O36: 122.15076 | P36: 123.06492 | Q36: 126.73646 | R36: 126.55306 | S36: 105.26336 | T36: 121.75988 | U36: 127.73541 | V36: 131.49244 | W36: 133.74363
A37: Electricity | B37: 1186.1209 | C37: 1168.7534 | D37: 1156.8154 | E37: 1184.5523 | F37: 1179.9668 | G37: 1171.8619 | H37: 1252.6376 | I37: 1267.2884 | J37: 1247.3538 | K37: 1003.7733 | L37: 1154.2831 | M37: 1174.7526 | N37: 1141.9396 | O37: 1129.4261 | P37: 1123.985 | Q37: 1122.2833 | R37: 1115.3291 | S37: 1106.3119 | T37: 1137.0619 | U37: 1105.3833 | V37: 1035.0024 | W37: 1097.8875
A39: Market shares of useful energy demand (%)
A41: =$A$5 -> All industrial sectors | B41: =SUM(B42:B46,B47,B48) -> 1 | C41: =SUM(C42:C46,C47,C48) -> 1 | D41: =SUM(D42:D46,D47,D48) -> 1 | E41: =SUM(E42:E46,E47,E48) -> 1 | F41: =SUM(F42:F46,F47,F48) -> 1 | G41: =SUM(G42:G46,G47,G48) -> 1 | H41: =SUM(H42:H46,H47,H48) -> 1 | I41: =SUM(I42:I46,I47,I48) -> 1 | ... W41: =SUM(W42:W46,W47,W48) -> 1
A42: Lighting | B42: =IF(B6=0,0,B6/B$5) -> 0.0078804516 | C42: =IF(C6=0,0,C6/C$5) -> 0.0078156052 | D42: =IF(D6=0,0,D6/D$5) -> 0.0078496804 | E42: =IF(E6=0,0,E6/E$5) -> 0.0081882577 | F42: =IF(F6=0,0,F6/F$5) -> 0.0089786951 | G42: =IF(G6=0,0,G6/G$5) -> 0.0090216796 | H42: =IF(H6=0,0,H6/H$5) -> 0.0095005717 | I42: =IF(I6=0,0,I6/I$5) -> 0.0095982975 | ... W42: =IF(W6=0,0,W6/W$5) -> 0.0088823765
A43: Air compressors | B43: =IF(B7=0,0,B7/B$5) -> 0.0054343568 | C43: =IF(C7=0,0,C7/C$5) -> 0.0053862929 | D43: =IF(D7=0,0,D7/D$5) -> 0.0054446337 | E43: =IF(E7=0,0,E7/E$5) -> 0.0055666023 | F43: =IF(F7=0,0,F7/F$5) -> 0.005703628 | G43: =IF(G7=0,0,G7/G$5) -> 0.0057222945 | H43: =IF(H7=0,0,H7/H$5) -> 0.0059191204 | I43: =IF(I7=0,0,I7/I$5) -> 0.0059426969 | ... W43: =IF(W7=0,0,W7/W$5) -> 0.0064545128
A44: Motor drives | B44: =IF(B8=0,0,B8/B$5) -> 0.048294759 | C44: =IF(C8=0,0,C8/C$5) -> 0.047416548 | D44: =IF(D8=0,0,D8/D$5) -> 0.048450291 | E44: =IF(E8=0,0,E8/E$5) -> 0.049293258 | F44: =IF(F8=0,0,F8/F$5) -> 0.051529149 | G44: =IF(G8=0,0,G8/G$5) -> 0.051091773 | H44: =IF(H8=0,0,H8/H$5) -> 0.052247468 | I44: =IF(I8=0,0,I8/I$5) -> 0.053161254 | ... W44: =IF(W8=0,0,W8/W$5) -> 0.052655224
A45: Fans and pumps | B45: =IF(B9=0,0,B9/B$5) -> 0.036478001 | C45: =IF(C9=0,0,C9/C$5) -> 0.036341191 | D45: =IF(D9=0,0,D9/D$5) -> 0.036553373 | E45: =IF(E9=0,0,E9/E$5) -> 0.037185934 | F45: =IF(F9=0,0,F9/F$5) -> 0.037451648 | G45: =IF(G9=0,0,G9/G$5) -> 0.037616035 | H45: =IF(H9=0,0,H9/H$5) -> 0.038734286 | I45: =IF(I9=0,0,I9/I$5) -> 0.038943795 | ... W45: =IF(W9=0,0,W9/W$5) -> 0.044263857
A46: Low-enthalpy heat | B46: =IF(B10=0,0,B10/B$5) -> 0.029518442 | C46: =IF(C10=0,0,C10/C$5) -> 0.031464657 | D46: =IF(D10=0,0,D10/D$5) -> 0.030019279 | E46: =IF(E10=0,0,E10/E$5) -> 0.02726599 | F46: =IF(F10=0,0,F10/F$5) -> 0.027441095 | G46: =IF(G10=0,0,G10/G$5) -> 0.028296605 | H46: =IF(H10=0,0,H10/H$5) -> 0.02898932 | I46: =IF(I10=0,0,I10/I$5) -> 0.028746085 | ... W46: =IF(W10=0,0,W10/W$5) -> 0.03112109
A47: =$A$16 -> Steam processes | B47: =IF(B16=0,0,B16/B$5) -> 0.3024986 | C47: =IF(C16=0,0,C16/C$5) -> 0.30704616 | D47: =IF(D16=0,0,D16/D$5) -> 0.30217675 | E47: =IF(E16=0,0,E16/E$5) -> 0.30215557 | F47: =IF(F16=0,0,F16/F$5) -> 0.29567185 | G47: =IF(G16=0,0,G16/G$5) -> 0.31060491 | H47: =IF(H16=0,0,H16/H$5) -> 0.30706096 | I47: =IF(I16=0,0,I16/I$5) -> 0.30651636 | ... W47: =IF(W16=0,0,W16/W$5) -> 0.39138557
A48: =$A$27 -> Other processes | B48: =IF(B27=0,0,B27/B$5) -> 0.56989539 | C48: =IF(C27=0,0,C27/C$5) -> 0.56452955 | D48: =IF(D27=0,0,D27/D$5) -> 0.569506 | E48: =IF(E27=0,0,E27/E$5) -> 0.57034439 | F48: =IF(F27=0,0,F27/F$5) -> 0.57322393 | G48: =IF(G27=0,0,G27/G$5) -> 0.5576467 | H48: =IF(H27=0,0,H27/H$5) -> 0.55754828 | I48: =IF(I27=0,0,I27/I$5) -> 0.55709151 | ... W48: =IF(W27=0,0,W27/W$5) -> 0.46523737

Sheet Ind_Summary_emi
A1: =index!$A$1&": Industry Summary / CO2 emissions" -> BE: Industry Summary / CO2 emissions | B1: 2000 | C1: 2001 | D1: 2002 | E1: 2003 | F1: 2004 | G1: 2005 | H1: 2006 | I1: 2007 | J1: 2008 | K1: 2009 | L1: 2010 | M1: 2011 | N1: 2012 | O1: 2013 | P1: 2014 | Q1: 2015 | R1: 2016 | S1: 2017 | T1: 2018 | U1: 2019 | V1: 2020 | W1: 2021 | DA1: Code
A3: Detailed split of CO2 emissions (kt of CO2)
A5: All industrial sectors | B5: =SUM(B6:B10,B16,B27,B38) -> 46012.361 | C5: =SUM(C6:C10,C16,C27,C38) -> 45037.649 | D5: =SUM(D6:D10,D16,D27,D38) -> 44171.254 | E5: =SUM(E6:E10,E16,E27,E38) -> 44913.002 | F5: =SUM(F6:F10,F16,F27,F38) -> 42778.98 | G5: =SUM(G6:G10,G16,G27,G38) -> 40320.351 | H5: =SUM(H6:H10,H16,H27,H38) -> 39410.691 | I5: =SUM(I6:I10,I16,I27,I38) -> 36567.06 | ... W5: =SUM(W6:W10,W16,W27,W38) -> 31863.078
A6: Lighting | B6: 0 | C6: 0 | D6: 0 | E6: 0 | F6: 0 | G6: 0 | H6: 0 | I6: 0 | J6: 0 | K6: 0 | L6: 0 | M6: 0 | N6: 0 | O6: 0 | P6: 0 | Q6: 0 | R6: 0 | S6: 0 | T6: 0 | U6: 0 | V6: 0 | W6: 0
A7: Air compressors | B7: 0 | C7: 0 | D7: 0 | E7: 0 | F7: 0 | G7: 0 | H7: 0 | I7: 0 | J7: 0 | K7: 0 | L7: 0 | M7: 0 | N7: 0 | O7: 0 | P7: 0 | Q7: 0 | R7: 0 | S7: 0 | T7: 0 | U7: 0 | V7: 0 | W7: 0
A8: Motor drives | B8: 0 | C8: 0 | D8: 0 | E8: 0 | F8: 0 | G8: 0 | H8: 0 | I8: 0 | J8: 0 | K8: 0 | L8: 0 | M8: 0 | N8: 0 | O8: 0 | P8: 0 | Q8: 0 | R8: 0 | S8: 0 | T8: 0 | U8: 0 | V8: 0 | W8: 0
A9: Fans and pumps | B9: 0 | C9: 0 | D9: 0 | E9: 0 | F9: 0 | G9: 0 | H9: 0 | I9: 0 | J9: 0 | K9: 0 | L9: 0 | M9: 0 | N9: 0 | O9: 0 | P9: 0 | Q9: 0 | R9: 0 | S9: 0 | T9: 0 | U9: 0 | V9: 0 | W9: 0
A10: Low-enthalpy heat | B10: =SUM(B11:B15) -> 352.3838 | C10: =SUM(C11:C15) -> 399.7631 | D10: =SUM(D11:D15) -> 361.52823 | E10: =SUM(E11:E15) -> 359.43308 | F10: =SUM(F11:F15) -> 294.73796 | G10: =SUM(G11:G15) -> 315.22309 | H10: =SUM(H11:H15) -> 306.10803 | I10: =SUM(I11:I15) -> 280.73131 | ... W10: =SUM(W11:W15) -> 377.00047
A11: Diesel oil | B11: 43.792831 | C11: 92.898126 | D11: 36.795604 | E11: 41.740106 | F11: 24.50212 | G11: 28.585651 | H11: 24.568306 | I11: 18.35903 | J11: 7.2075053 | K11: 11.81975 | L11: 19.203576 | M11: 8.6058242 | N11: 18.502935 | O11: 19.865818 | P11: 16.011368 | Q11: 12.396164 | R11: 10.674293 | S11: 10.569355 | T11: 10.47113 | U11: 9.8979561 | V11: 13.668263 | W11: 12.171858
A12: Natural gas | B12: 308.59097 | C12: 306.86498 | D12: 324.73262 | E12: 317.69297 | F12: 270.23584 | G12: 286.63744 | H12: 281.53972 | I12: 262.37228 | J12: 257.3158 | K12: 293.07495 | L12: 312.53837 | M12: 298.57319 | N12: 308.16374 | O12: 340.62953 | P12: 312.25066 | Q12: 315.67982 | R12: 305.77973 | S12: 330.1884 | T12: 335.34191 | U12: 314.49016 | V12: 326.51738 | W12: 364.82861
A13: Solar and geothermal | B13: 0 | C13: 0 | D13: 0 | E13: 0 | F13: 0 | G13: 0 | H13: 0 | I13: 0 | J13: 0 | K13: 0 | L13: 0 | M13: 0 | N13: 0 | O13: 0 | P13: 0 | Q13: 0 | R13: 0 | S13: 0 | T13: 0 | U13: 0 | V13: 0 | W13: 0
A14: Ambient heat | B14: 0 | C14: 0 | D14: 0 | E14: 0 | F14: 0 | G14: 0 | H14: 0 | I14: 0 | J14: 0 | K14: 0 | L14: 0 | M14: 0 | N14: 0 | O14: 0 | P14: 0 | Q14: 0 | R14: 0 | S14: 0 | T14: 0 | U14: 0 | V14: 0 | W14: 0
A15: Electricity | B15: 0 | C15: 0 | D15: 0 | E15: 0 | F15: 0 | G15: 0 | H15: 0 | I15: 0 | J15: 0 | K15: 0 | L15: 0 | M15: 0 | N15: 0 | O15: 0 | P15: 0 | Q15: 0 | R15: 0 | S15: 0 | T15: 0 | U15: 0 | V15: 0 | W15: 0
A16: Steam processes | B16: =SUM(B17:B26) -> 7550.3707 | C16: =SUM(C17:C26) -> 7713.6379 | D16: =SUM(D17:D26) -> 7018.8747 | E16: =SUM(E17:E26) -> 6875.1961 | F16: =SUM(F17:F26) -> 5950.374 | G16: =SUM(G17:G26) -> 5953.4704 | H16: =SUM(H17:H26) -> 5747.1861 | I16: =SUM(I17:I26) -> 5431.7753 | ... W16: =SUM(W17:W26) -> 7825.2884
A17: Solids | B17: 479.18296 | C17: 475.89563 | D17: 355.05218 | E17: 386.0609 | F17: 464.03435 | G17: 378.17252 | H17: 335.54549 | I17: 360.50346 | J17: 361.30331 | K17: 399.95232 | L17: 313.72411 | M17: 294.65786 | N17: 275.1201 | O17: 254.50645 | P17: 239.65153 | Q17: 263.11562 | R17: 234.67062 | S17: 246.98977 | T17: 250.8372 | U17: 253.08893 | V17: 219.86723 | W17: 186.82056
A18: Refinery gas | B18: 0 | C18: 0 | D18: 0 | E18: 0 | F18: 0 | G18: 0 | H18: 0 | I18: 0 | J18: 0 | K18: 0 | L18: 0 | M18: 0 | N18: 0 | O18: 0 | P18: 0 | Q18: 0 | R18: 0 | S18: 0 | T18: 0 | U18: 0 | V18: 0 | W18: 0
A19: LPG | B19: 213.41249 | C19: 52.167113 | D19: 67.171823 | E19: 17.246548 | F19: 16.72701 | G19: 18.311975 | H19: 27.66904 | I19: 15.231444 | J19: 23.127707 | K19: 154.63287 | L19: 142.99795 | M19: 173.82063 | N19: 172.94532 | O19: 181.66782 | P19: 212.38671 | Q19: 218.91874 | R19: 172.90297 | S19: 207.60154 | T19: 304.04613 | U19: 330.17318 | V19: 309.69997 | W19: 303.19287
A20: Diesel oil | B20: 485.92356 | C20: 991.17778 | D20: 446.29269 | E20: 271.45027 | F20: 387.61738 | G20: 377.30993 | H20: 310.04851 | I20: 288.48505 | J20: 99.407639 | K20: 131.18078 | L20: 263.17529 | M20: 135.80025 | N20: 258.78544 | O20: 285.50305 | P20: 250.52341 | Q20: 176.65624 | R20: 176.0708 | S20: 168.94315 | T20: 164.14324 | U20: 163.58901 | V20: 153.71186 | W20: 141.09897
A21: Fuel oil | B21: 992.54232 | C21: 1341.9577 | D21: 903.77543 | E21: 1005.1067 | F21: 800.33063 | G21: 925.62067 | H21: 809.41367 | I21: 616.28524 | J21: 578.3888 | K21: 482.5806 | L21: 449.56361 | M21: 227.09794 | N21: 206.409 | O21: 135.26423 | P21: 86.468036 | Q21: 89.040825 | R21: 69.201587 | S21: 72.507753 | T21: 72.330867 | U21: 62.368858 | V21: 60.188088 | W21: 55.877315
A22: Other liquids | B22: 1060.8373 | C22: 267.57643 | D22: 300.47053 | E22: 285.21282 | F22: 63.202392 | G22: 108.12469 | H22: 76.038143 | I22: 61.14145 | J22: 52.69788 | K22: 2905.99 | L22: 3271.6703 | M22: 2886.2539 | N22: 3087.0009 | O22: 3546.9932 | P22: 3807.3147 | Q22: 3737.5921 | R22: 3920.1405 | S22: 3020.8602 | T22: 3002.844 | U22: 2357.3101 | V22: 2615.6121 | W22: 2905.1736
A23: Natural gas | B23: 4119.1132 | C23: 4176.8383 | D23: 4482.8826 | E23: 4360.313 | F23: 3759.5346 | G23: 3829.4117 | H23: 3925.7358 | I23: 3809.4843 | J23: 3660.5679 | K23: 2849.4006 | L23: 3340.8202 | M23: 3231.181 | N23: 3318.838 | O23: 3397.4298 | P23: 3314.0396 | Q23: 3413.1105 | R23: 3418.3401 | S23: 3807.2089 | T23: 3858.7936 | U23: 3886.8187 | V23: 3755.153 | W23: 4024.8776
A24: Derived gases | B24: 160.09208 | C24: 362.27968 | D24: 419.01918 | E24: 503.43496 | F24: 416.78355 | G24: 278.94434 | H24: 223.63106 | I24: 253.93126 | J24: 250.79426 | K24: 132.37176 | L24: 93.172731 | M24: 84.087577 | N24: 61.922312 | O24: 59.345079 | P24: 55.367167 | Q24: 52.068708 | R24: 60.605702 | S24: 62.480963 | T24: 64.152715 | U24: 54.737939 | V24: 48.98447 | W24: 66.140419
A25: Biomass and waste | B25: 39.2668 | C25: 45.745258 | D25: 44.210252 | E25: 46.370933 | F25: 42.144122 | G25: 37.574548 | H25: 39.104387 | I25: 26.713108 | J25: 34.286581 | K25: 34.728816 | L25: 285.11965 | M25: 293.71567 | N25: 242.89357 | O25: 269.04444 | P25: 195.54766 | Q25: 195.71341 | R25: 142.7444 | S25: 155.54679 | T25: 150.00283 | U25: 140.11277 | V25: 114.44639 | W25: 142.10698
A26: Distributed steam | B26: 0 | C26: 0 | D26: 0 | E26: 0 | F26: 0 | G26: 0 | H26: 0 | I26: 0 | J26: 0 | K26: 0 | L26: 0 | M26: 0 | N26: 0 | O26: 0 | P26: 0 | Q26: 0 | R26: 0 | S26: 0 | T26: 0 | U26: 0 | V26: 0 | W26: 0
A27: Other energy use related | B27: =SUM(B28:B37) -> 16171.858 | C27: =SUM(C28:C37) -> 16114.534 | D27: =SUM(D28:D37) -> 15794.64 | E27: =SUM(E28:E37) -> 16414.212 | F27: =SUM(F28:F37) -> 14598.291 | G27: =SUM(G28:G37) -> 13259.505 | H27: =SUM(H28:H37) -> 12616.417 | I27: =SUM(I28:I37) -> 11461.277 | ... W27: =SUM(W28:W37) -> 8810.2068
A28: Solids | B28: 1518.192 | C28: 1146.9728 | D28: 1031.369 | E28: 780.99483 | F28: 862.64004 | G28: 1053.3977 | H28: 1112.2527 | I28: 1056.0669 | J28: 1134.772 | K28: 868.27731 | L28: 1158.1624 | M28: 1143.8015 | N28: 1146.9466 | O28: 1364.2077 | P28: 1380.3391 | Q28: 1406.8099 | R28: 1360.1813 | S28: 1300.3128 | T28: 1404.7826 | U28: 1409.6902 | V28: 1142.4685 | W28: 1247.5474
A29: Coke | B29: 975.89014 | C29: 1191.7044 | D29: 1407.5186 | E29: 1680.2748 | F29: 838.86506 | G29: 488.83621 | H29: 0 | I29: 0 | J29: 0 | K29: 0 | L29: 0 | M29: 0 | N29: 0 | O29: 31.379056 | P29: 31.69396 | Q29: 31.69396 | R29: 31.69396 | S29: 29.416781 | T29: 25.027776 | U29: 35.976199 | V29: 25.652574 | W29: 40.335525
A30: LPG | B30: 161.02306 | C30: 58.131788 | D30: 57.640103 | E30: 35.000252 | F30: 15.201691 | G30: 16.51915 | H30: 24.57776 | I30: 13.794606 | J30: 17.508946 | K30: 213.99761 | L30: 196.60647 | M30: 235.44605 | N30: 245.02908 | O30: 265.33263 | P30: 310.08129 | Q30: 306.45191 | R30: 256.68203 | S30: 239.39891 | T30: 350.78028 | U30: 351.93764 | V30: 345.72478 | W30: 343.5764
A31: Diesel oil | B31: 805.55079 | C31: 1318.1424 | D31: 798.51531 | E31: 646.43418 | F31: 509.6254 | G31: 487.43938 | H31: 400.88479 | I31: 371.83791 | J31: 209.05103 | K31: 254.73863 | L31: 405.77283 | M31: 288.05616 | N31: 426.64645 | O31: 471.16922 | P31: 405.83381 | Q31: 391.77294 | R31: 381.45344 | S31: 388.37045 | T31: 388.21802 | U31: 382.08502 | V31: 428.85329 | W31: 404.25543
A32: Fuel oil | B32: 1007.4732 | C32: 1261.7779 | D32: 811.40869 | E32: 1316.8932 | F32: 1013.9253 | G32: 1074.3954 | H32: 1212.2745 | I32: 1006.0184 | J32: 1118.2192 | K32: 1022.0754 | L32: 630.94017 | M32: 608.82178 | N32: 388.02291 | O32: 282.69577 | P32: 170.49962 | Q32: 167.92683 | R32: 138.23029 | S32: 128.42262 | T32: 123.0267 | U32: 100.17105 | V32: 97.410696 | W32: 90.777047
A33: Other liquids | B33: 570.39892 | C33: 508.44666 | D33: 597.04086 | E33: 571.4051 | F33: 384.33417 | G33: 460.81497 | H33: 393.14643 | I33: 349.12485 | J33: 195.30005 | K33: 257.31181 | L33: 215.92943 | M33: 236.77144 | N33: 254.70674 | O33: 216.27293 | P33: 257.81892 | Q33: 220.35943 | R33: 192.93339 | S33: 139.4283 | T33: 187.66194 | U33: 204.99842 | V33: 206.85517 | W33: 182.92371
A34: Natural gas | B34: 6120.6565 | C34: 5788.9729 | D34: 6151.9007 | E34: 5674.0393 | F34: 5646.9489 | G34: 5633.5945 | H34: 5666.6866 | I34: 5467.6724 | J34: 5238.8486 | K34: 4456.4962 | L34: 5218.3247 | M34: 5126.4849 | N34: 5159.6635 | O34: 5196.2342 | P34: 4974.0192 | Q34: 5064.9855 | R34: 5204.9339 | S34: 5274.0017 | T34: 5283.0279 | U34: 5097.8596 | V34: 5008.3346 | W34: 5195.1558
A35: Derived gases | B35: 4307.4821 | C35: 4015.4033 | D35: 4144.1901 | E35: 4847.6341 | F35: 4565.0915 | G35: 3375.3766 | H35: 3101.8123 | I35: 2706.816 | J35: 2729.3364 | K35: 1361.2697 | L35: 974.95216 | M35: 882.90426 | N35: 645.7378 | O35: 617.05806 | P35: 589.3917 | Q35: 553.36717 | R35: 651.64973 | S35: 671.81637 | T35: 703.67902 | U35: 612.87405 | V35: 550.51758 | W35: 736.20342
A36: Biomass and waste | B36: 705.19114 | C36: 824.9818 | D36: 795.05686 | E36: 861.53601 | F36: 761.65894 | G36: 669.13157 | H36: 704.78161 | I36: 489.94583 | J36: 630.52048 | K36: 632.50913 | L36: 815.73742 | M36: 924.42983 | N36: 724.97316 | O36: 683.93581 | P36: 712.31655 | Q36: 622.24664 | R36: 646.48724 | S36: 445.31027 | T36: 548.62402 | U36: 610.76576 | V36: 580.17582 | W36: 569.43208
A37: Electricity | B37: 0 | C37: 0 | D37: 0 | E37: 0 | F37: 0 | G37: 0 | H37: 0 | I37: 0 | J37: 0 | K37: 0 | L37: 0 | M37: 0 | N37: 0 | O37: 0 | P37: 0 | Q37: 0 | R37: 0 | S37: 0 | T37: 0 | U37: 0 | V37: 0 | W37: 0
A38: Process emissions | B38: =SUM(B39:B43) -> 21937.749 | C38: =SUM(C39:C43) -> 20809.714 | D38: =SUM(D39:D43) -> 20996.211 | E38: =SUM(E39:E43) -> 21264.161 | F38: =SUM(F39:F43) -> 21935.577 | G38: =SUM(G39:G43) -> 20792.152 | H38: =SUM(H39:H43) -> 20740.981 | I38: =SUM(I39:I43) -> 19393.277 | ... W38: =SUM(W39:W43) -> 14850.582
A39: Iron and Steel | B39: =ISI!B$53 -> 9508.953 | C39: =ISI!C$53 -> 9092.8854 | D39: =ISI!D$53 -> 9657.9762 | E39: =ISI!E$53 -> 9338.8623 | F39: =ISI!F$53 -> 9616.6518 | G39: =ISI!G$53 -> 8233.2242 | H39: =ISI!H$53 -> 8399.9002 | I39: =ISI!I$53 -> 7309.7735 | ... W39: =ISI!W$53 -> 3473.5482
A40: Non-Ferrous Metals | B40: =NFM!B$72 -> 50.473113 | C40: =NFM!C$72 -> 50.885513 | D40: =NFM!D$72 -> 50.684619 | E40: =NFM!E$72 -> 51.443546 | F40: =NFM!F$72 -> 54.051618 | G40: =NFM!G$72 -> 63.981684 | H40: =NFM!H$72 -> 72.188471 | I40: =NFM!I$72 -> 70.112201 | ... W40: =NFM!W$72 -> 92.77935
A41: Chemical and Petrochemical | B41: =CHI!B$78 -> 6422.5195 | C41: =CHI!C$78 -> 6059.1009 | D41: =CHI!D$78 -> 5595.284 | E41: =CHI!E$78 -> 6322.4718 | F41: =CHI!F$78 -> 6626.063 | G41: =CHI!G$78 -> 6923.5116 | H41: =CHI!H$78 -> 6375.1728 | I41: =CHI!I$78 -> 6259.0559 | ... W41: =CHI!W$78 -> 6908.2078
A42: Non-Metallic Minerals | B42: =NMM!B$58 -> 5801.6937 | C42: =NMM!C$58 -> 5486.2208 | D42: =NMM!D$58 -> 5588.174 | E42: =NMM!E$58 -> 5446.3355 | F42: =NMM!F$58 -> 5535.5397 | G42: =NMM!G$58 -> 5465.6106 | H42: =NMM!H$58 -> 5766.8308 | I42: =NMM!I$58 -> 5635.1661 | ... W42: =NMM!W$58 -> 4238.8273
A43: Solvent use and other process | B43: 154.10939 | C43: 120.62128 | D43: 104.09179 | E43: 105.04765 | F43: 103.27129 | G43: 105.82383 | H43: 126.8884 | I43: 119.16924 | J43: 140.06764 | K43: 137.95117 | L43: 146.25026 | M43: 140.2669 | N43: 139.72341 | O43: 131.2011 | P43: 140.1359 | Q43: 141.71717 | R43: 149.96184 | S43: 152.82124 | T43: 155.35185 | U43: 151.52625 | V43: 127.64335 | W43: 137.21968 | DA43: PROCESS_EMI.ktCO2.BE.NSI.TOTAL
A45: Market shares of CO2 emissions (%)
A47: =$A$5 -> All industrial sectors | B47: =SUM(B48:B55) -> 1 | C47: =SUM(C48:C55) -> 1 | D47: =SUM(D48:D55) -> 1 | E47: =SUM(E48:E55) -> 1 | F47: =SUM(F48:F55) -> 1 | G47: =SUM(G48:G55) -> 1 | H47: =SUM(H48:H55) -> 1 | I47: =SUM(I48:I55) -> 1 | ... W47: =SUM(W48:W55) -> 1
A48: Lighting | B48: =IF(B6=0,0,B6/B$5) -> 0 | C48: =IF(C6=0,0,C6/C$5) -> 0 | D48: =IF(D6=0,0,D6/D$5) -> 0 | E48: =IF(E6=0,0,E6/E$5) -> 0 | F48: =IF(F6=0,0,F6/F$5) -> 0 | G48: =IF(G6=0,0,G6/G$5) -> 0 | H48: =IF(H6=0,0,H6/H$5) -> 0 | I48: =IF(I6=0,0,I6/I$5) -> 0 | ... W48: =IF(W6=0,0,W6/W$5) -> 0
A49: Air compressors | B49: =IF(B7=0,0,B7/B$5) -> 0 | C49: =IF(C7=0,0,C7/C$5) -> 0 | D49: =IF(D7=0,0,D7/D$5) -> 0 | E49: =IF(E7=0,0,E7/E$5) -> 0 | F49: =IF(F7=0,0,F7/F$5) -> 0 | G49: =IF(G7=0,0,G7/G$5) -> 0 | H49: =IF(H7=0,0,H7/H$5) -> 0 | I49: =IF(I7=0,0,I7/I$5) -> 0 | ... W49: =IF(W7=0,0,W7/W$5) -> 0
A50: Motor drives | B50: =IF(B8=0,0,B8/B$5) -> 0 | C50: =IF(C8=0,0,C8/C$5) -> 0 | D50: =IF(D8=0,0,D8/D$5) -> 0 | E50: =IF(E8=0,0,E8/E$5) -> 0 | F50: =IF(F8=0,0,F8/F$5) -> 0 | G50: =IF(G8=0,0,G8/G$5) -> 0 | H50: =IF(H8=0,0,H8/H$5) -> 0 | I50: =IF(I8=0,0,I8/I$5) -> 0 | ... W50: =IF(W8=0,0,W8/W$5) -> 0
A51: Fans and pumps | B51: =IF(B9=0,0,B9/B$5) -> 0 | C51: =IF(C9=0,0,C9/C$5) -> 0 | D51: =IF(D9=0,0,D9/D$5) -> 0 | E51: =IF(E9=0,0,E9/E$5) -> 0 | F51: =IF(F9=0,0,F9/F$5) -> 0 | G51: =IF(G9=0,0,G9/G$5) -> 0 | H51: =IF(H9=0,0,H9/H$5) -> 0 | I51: =IF(I9=0,0,I9/I$5) -> 0 | ... W51: =IF(W9=0,0,W9/W$5) -> 0
A52: Low-enthalpy heat | B52: =IF(B10=0,0,B10/B$5) -> 0.0076584593 | C52: =IF(C10=0,0,C10/C$5) -> 0.0088761983 | D52: =IF(D10=0,0,D10/D$5) -> 0.0081846947 | E52: =IF(E10=0,0,E10/E$5) -> 0.0080028737 | F52: =IF(F10=0,0,F10/F$5) -> 0.0068897846 | G52: =IF(G10=0,0,G10/G$5) -> 0.0078179649 | H52: =IF(H10=0,0,H10/H$5) -> 0.0077671316 | I52: =IF(I10=0,0,I10/I$5) -> 0.0076771638 | ... W52: =IF(W10=0,0,W10/W$5) -> 0.011831891
A53: =$A$16 -> Steam processes | B53: =IF(B16=0,0,B16/B$5) -> 0.1640944 | C53: =IF(C16=0,0,C16/C$5) -> 0.17127088 | D53: =IF(D16=0,0,D16/D$5) -> 0.15890141 | E53: =IF(E16=0,0,E16/E$5) -> 0.15307808 | F53: =IF(F16=0,0,F16/F$5) -> 0.13909574 | G53: =IF(G16=0,0,G16/G$5) -> 0.14765423 | H53: =IF(H16=0,0,H16/H$5) -> 0.1458281 | I53: =IF(I16=0,0,I16/I$5) -> 0.14854285 | ... W53: =IF(W16=0,0,W16/W$5) -> 0.2455911
A54: =$A$27 -> Other energy use related | B54: =IF(B27=0,0,B27/B$5) -> 0.35146768 | C54: =IF(C27=0,0,C27/C$5) -> 0.3578014 | D54: =IF(D27=0,0,D27/D$5) -> 0.35757736 | E54: =IF(E27=0,0,E27/E$5) -> 0.36546682 | F54: =IF(F27=0,0,F27/F$5) -> 0.34124916 | G54: =IF(G27=0,0,G27/G$5) -> 0.32885392 | H54: =IF(H27=0,0,H27/H$5) -> 0.32012675 | I54: =IF(I27=0,0,I27/I$5) -> 0.31343173 | ... W54: =IF(W27=0,0,W27/W$5) -> 0.27650206
A55: Process emissions | B55: =IF(B38=0,0,B38/B$5) -> 0.47677946 | C55: =IF(C38=0,0,C38/C$5) -> 0.46205151 | D55: =IF(D38=0,0,D38/D$5) -> 0.47533653 | E55: =IF(E38=0,0,E38/E$5) -> 0.47345223 | F55: =IF(F38=0,0,F38/F$5) -> 0.51276532 | G55: =IF(G38=0,0,G38/G$5) -> 0.51567388 | H55: =IF(H38=0,0,H38/H$5) -> 0.52627802 | I55: =IF(I38=0,0,I38/I$5) -> 0.53034826 | ... W55: =IF(W38=0,0,W38/W$5) -> 0.46607494

Sheet ISI
A1: =index!A$1&": Iron and steel" -> BE: Iron and steel | B1: 2000 | C1: 2001 | D1: 2002 | E1: 2003 | F1: 2004 | G1: 2005 | H1: 2006 | I1: 2007 | J1: 2008 | K1: 2009 | L1: 2010 | M1: 2011 | N1: 2012 | O1: 2013 | P1: 2014 | Q1: 2015 | R1: 2016 | S1: 2017 | T1: 2018 | U1: 2019 | V1: 2020 | W1: 2021 | DA1: Code
A3: Value added (M€2015) | B3: =SUM(B4:B5) -> 2942.4713 | C3: =SUM(C4:C5) -> 2451.0229 | D3: =SUM(D4:D5) -> 2569.6446 | E3: =SUM(E4:E5) -> 2543.1929 | F3: =SUM(F4:F5) -> 3046.5262 | G3: =SUM(G4:G5) -> 3045.4688 | H3: =SUM(H4:H5) -> 3046.4669 | I3: =SUM(I4:I5) -> 3489.0483 | ... W3: =SUM(W4:W5) -> 2206.3552
A4: Integrated steelworks | B4: 2336.6496 | C4: 1903.5762 | D4: 1988.1003 | E4: 1980.5429 | F4: 2382.6216 | G4: 2356.0959 | H4: 2237 | I4: 2437.7681 | J4: 1997.8708 | K4: 1108.8394 | L4: 1302.9271 | M4: 1285.8721 | N4: 935.30011 | O4: 1089.4663 | P4: 1191.0878 | Q4: 1130.5661 | R4: 1218.4106 | S4: 1355.9882 | T4: 1282.0108 | U4: 1141.3005 | V4: 841.93114 | W4: 1570.5878 | DA4: VA.Meuro2015.BE.ISI.BF_BOF
A5: Electric arc | B5: 605.82166 | C5: 547.44672 | D5: 581.54436 | E5: 562.64994 | F5: 663.90454 | G5: 689.37293 | H5: 809.4669 | I5: 1051.2801 | J5: 752.63002 | K5: 687.65782 | L5: 600.07492 | M5: 577.60837 | N5: 449.53126 | O5: 465.22792 | P5: 485.52742 | Q5: 488.21772 | R5: 454.88451 | S5: 527.23621 | T5: 553.97854 | U5: 462.5739 | V5: 328.7532 | W5: 635.76736 | DA5: VA.Meuro2015.BE.ISI.EAF
A7: Physical output (kt steel) | B7: =SUM(B8:B9) -> 11636 | C7: =SUM(C8:C9) -> 10762 | D7: =SUM(D8:D9) -> 11343.008 | E7: =SUM(E8:E9) -> 11113.775 | F7: =SUM(F8:F9) -> 11697.878 | G7: =SUM(G8:G9) -> 10420.091 | H7: =SUM(H8:H9) -> 11630.575 | I7: =SUM(I8:I9) -> 10691.62 | ... W7: =SUM(W8:W9) -> 6909.288
A8: Integrated steelworks | B8: 8910 | C8: 8021 | D8: 8417.324 | E8: 8309.108 | F8: 8812.426 | G8: 7775.75 | H8: 8172.252 | I8: 7147.12 | J8: 7407.478 | K8: 3288.571 | L8: 5176.968 | M8: 5252.885 | N8: 4647.169 | O8: 4737.651 | P8: 4951.954 | Q8: 4808.724 | R8: 5329.883 | S8: 5382.349 | T8: 5290.44 | U8: 5239.543 | V8: 4173.283 | W8: 4712.134 | DA8: OUTPUT.kt.BE.ISI.BF_BOF
A9: Electric arc | B9: 2726 | C9: 2741 | D9: 2925.684 | E9: 2804.667 | F9: 2885.452 | G9: 2644.341 | H9: 3458.323 | I9: 3544.5 | J9: 3265.421 | K9: 2346.796 | L9: 2796.056 | M9: 2772.975 | N9: 2654.24 | O9: 2389.357 | P9: 2378.716 | Q9: 2448.416 | R9: 2357.377 | S9: 2460 | T9: 2690 | U9: 2520 | V9: 1945.9 | W9: 2197.154 | DA9: OUTPUT.kt.BE.ISI.EAF
A11: Installed capacity (kt steel production) | B11: =SUM(B12:B13) -> 12536.842 | C11: =SUM(C12:C13) -> 12536.842 | D11: =SUM(D12:D13) -> 12536.842 | E11: =SUM(E12:E13) -> 12536.842 | F11: =SUM(F12:F13) -> 12536.842 | G11: =SUM(G12:G13) -> 11578.313 | H11: =SUM(H12:H13) -> 13113.8 | I11: =SUM(I12:I13) -> 13113.8 | ... W11: =SUM(W12:W13) -> 9372.7768
A12: Integrated steelworks | B12: 9378.9474 | C12: 9378.9474 | D12: 9378.9474 | E12: 9378.9474 | F12: 9378.9474 | G12: 8420.4185 | H12: 9378.9474 | I12: 9378.9474 | J12: 9378.9474 | K12: 8420.4185 | L12: 8420.4185 | M12: 8420.4185 | N12: 8420.4185 | O12: 8420.4185 | P12: 7461.8896 | Q12: 7461.8896 | R12: 7461.8896 | S12: 7461.8896 | T12: 7461.8896 | U12: 6503.3607 | V12: 6503.3607 | W12: 6503.3607 | DA12: CAP.kt.BE.ISI.BF_BOF
A13: Electric arc | B13: 3157.8947 | C13: 3157.8947 | D13: 3157.8947 | E13: 3157.8947 | F13: 3157.8947 | G13: 3157.8947 | H13: 3734.8521 | I13: 3734.8521 | J13: 3734.8521 | K13: 3446.3734 | L13: 3446.3734 | M13: 3446.3734 | N13: 3157.8947 | O13: 3157.8947 | P13: 3157.8947 | Q13: 2869.416 | R13: 2869.416 | S13: 2869.416 | T13: 2869.416 | U13: 2869.416 | V13: 2869.416 | W13: 2869.416 | DA13: CAP.kt.BE.ISI.EAF
A14: Capacity investment (kt steel production) | C14: =SUM(C15:C16) -> 0 | D14: =SUM(D15:D16) -> 288.4787 | E14: =SUM(E15:E16) -> 0 | F14: =SUM(F15:F16) -> 0 | G14: =SUM(G15:G16) -> 0 | H14: =SUM(H15:H16) -> 1823.965 | I14: =SUM(I15:I16) -> 0 | J14: =SUM(J15:J16) -> 0 | ... W14: =SUM(W15:W16) -> 0
A15: Integrated steelworks | B15: 0 | C15: 0 | D15: 0 | E15: 0 | F15: 0 | G15: 0 | H15: 958.52888 | I15: 0 | J15: 0 | K15: 0 | L15: 0 | M15: 0 | N15: 0 | O15: 0 | P15: 0 | Q15: 0 | R15: 0 | S15: 0 | T15: 0 | U15: 0 | V15: 0 | W15: 0 | DA15: NEWCAP.kt.BE.ISI.BF_BOF
A16: Electric arc | B16: 0 | C16: 0 | D16: 288.4787 | E16: 0 | F16: 0 | G16: 0 | H16: 865.4361 | I16: 0 | J16: 0 | K16: 0 | L16: 0 | M16: 0 | N16: 0 | O16: 0 | P16: 0 | Q16: 0 | R16: 0 | S16: 0 | T16: 0 | U16: 288.4787 | V16: 0 | W16: 0 | DA16: NEWCAP.kt.BE.ISI.EAF
A17: Decommissioned capacity (kt steel production) | C17: =SUM(C18:C19) -> 0 | D17: =SUM(D18:D19) -> 288.4787 | E17: =SUM(E18:E19) -> 0 | F17: =SUM(F18:F19) -> 0 | G17: =SUM(G18:G19) -> 958.52888 | H17: =SUM(H18:H19) -> 288.4787 | I17: =SUM(I18:I19) -> 0 | J17: =SUM(J18:J19) -> 0 | ... W17: =SUM(W18:W19) -> 0
A18: Integrated steelworks | C18: =B12+C15-C12 -> 0 | D18: =C12+D15-D12 -> 0 | E18: =D12+E15-E12 -> 0 | F18: =E12+F15-F12 -> 0 | G18: =F12+G15-G12 -> 958.52888 | H18: =G12+H15-H12 -> 0 | I18: =H12+I15-I12 -> 0 | J18: =I12+J15-J12 -> 0 | ... W18: =V12+W15-W12 -> 0
A19: Electric arc | C19: =B13+C16-C13 -> 0 | D19: =C13+D16-D13 -> 288.4787 | E19: =D13+E16-E13 -> 0 | F19: =E13+F16-F13 -> 0 | G19: =F13+G16-G13 -> 0 | H19: =G13+H16-H13 -> 288.4787 | I19: =H13+I16-I13 -> 0 | J19: =I13+J16-J13 -> 0 | ... W19: =V13+W16-W13 -> 0
A20: Idle capacity (kt steel production) | B20: =SUM(B21:B22) -> 900.84211 | C20: =SUM(C21:C22) -> 1774.8421 | D20: =SUM(D21:D22) -> 1193.8341 | E20: =SUM(E21:E22) -> 1423.0671 | F20: =SUM(F21:F22) -> 838.96411 | G20: =SUM(G21:G22) -> 1158.2222 | H20: =SUM(H21:H22) -> 1483.2245 | I20: =SUM(I21:I22) -> 2422.1795 | ... W20: =SUM(W21:W22) -> 2463.4888
A21: Integrated steelworks | B21: =B12-B8 -> 468.94737 | C21: =C12-C8 -> 1357.9474 | D21: =D12-D8 -> 961.62337 | E21: =E12-E8 -> 1069.8394 | F21: =F12-F8 -> 566.52137 | G21: =G12-G8 -> 644.66849 | H21: =H12-H8 -> 1206.6954 | I21: =I12-I8 -> 2231.8274 | ... W21: =W12-W8 -> 1791.2267
A22: Electric arc | B22: =B13-B9 -> 431.89474 | C22: =C13-C9 -> 416.89474 | D22: =D13-D9 -> 232.21074 | E22: =E13-E9 -> 353.22774 | F22: =F13-F9 -> 272.44274 | G22: =G13-G9 -> 513.55374 | H22: =H13-H9 -> 276.52913 | I22: =I13-I9 -> 190.35213 | ... W22: =W13-W9 -> 672.26204
A24: Energy consumption (ktoe)
A25: by fuel (EUROSTAT DATA) | B25: 2408.9111 | C25: 2171.3324 | D25: 2286.5941 | E25: 2413.961 | F25: 2208.3549 | G25: 1940.183 | H25: 1810.0867 | I25: 1725.6375 | J25: 1661.9758 | K25: 1001.2991 | L25: 1228.7873 | M25: 1172.3237 | N25: 1088.1025 | O25: 1041.6422 | P25: 999.88515 | Q25: 1030.7021 | R25: 1036.8623 | S25: 1072.219 | T25: 1105.0266 | U25: 1035.3512 | V25: 1014.261 | W25: 1034.9005 | DA25: FEC.ktoe.BE.ISI.TOTAL.TOTAL.TOTAL.TOTAL
A26: Solids | B26: =B27+B28 -> 217.70301 | C26: =C27+C28 -> 265.84716 | D26: =D27+D28 -> 313.99132 | E26: =E27+E28 -> 374.83818 | F26: =F27+F28 -> 187.13525 | G26: =G27+G28 -> 154.16354 | H26: =H27+H28 -> 1.4 | I26: =I27+I28 -> 0 | ... W26: =W27+W28 -> 18.646518
A27: Hard coal and others | B27: 0 | C27: 0 | D27: 0 | E27: 0 | F27: 0 | G27: 45.113242 | H27: 1.4 | I27: 0 | J27: 0 | K27: 0 | L27: 0 | M27: 0 | N27: 0 | O27: 0 | P27: 0 | Q27: 6.9697334 | R27: 6.3851247 | S27: 8.877988 | T27: 9.6051591 | U27: 9.6520206 | V27: 9.6208083 | W27: 9.6484093 | DA27: FEC.ktoe.BE.ISI.TOTAL.TOTAL.TOTAL.NONCOKE_SOLIDS
A28: Coke | B28: 217.70301 | C28: 265.84716 | D28: 313.99132 | E28: 374.83818 | F28: 187.13525 | G28: 109.0503 | H28: 0 | I28: 0 | J28: 0 | K28: 0 | L28: 0 | M28: 0 | N28: 0 | O28: 7.000086 | P28: 7.0703353 | Q28: 7.0703353 | R28: 7.0703353 | S28: 6.5623388 | T28: 5.583233 | U28: 8.0256234 | V28: 5.7226139 | W28: 8.9981083 | DA28: FEC.ktoe.BE.ISI.TOTAL.TOTAL.TOTAL.COKE
A29: Liquids | B29: =SUM(B30:B34) -> 199.77068 | C29: =SUM(C30:C34) -> 49.207051 | D29: =SUM(D30:D34) -> 49.445916 | E29: =SUM(E30:E34) -> 31.307911 | F29: =SUM(F30:F34) -> 30.295271 | G29: =SUM(G30:G34) -> 33.099226 | H29: =SUM(H30:H34) -> 18.582201 | I29: =SUM(I30:I34) -> 27.30963 | ... W29: =SUM(W30:W34) -> 13.042992
A30: Refinery gas | B30: 0 | C30: 0 | D30: 0 | E30: 0 | F30: 0 | G30: 0 | H30: 0 | I30: 0 | J30: 0 | K30: 0 | L30: 0 | M30: 0 | N30: 0 | O30: 0 | P30: 0 | Q30: 0 | R30: 0 | S30: 0 | T30: 0 | U30: 0 | V30: 0 | W30: 0 | DA30: FEC.ktoe.BE.ISI.TOTAL.TOTAL.TOTAL.RFG
A31: LPG | B31: 0 | C31: 0 | D31: 0 | E31: 0 | F31: 0 | G31: 0 | H31: 0 | I31: 0 | J31: 0 | K31: 0 | L31: 0 | M31: 0 | N31: 0 | O31: 0 | P31: 0 | Q31: 0 | R31: 0 | S31: 0 | T31: 0 | U31: 0 | V31: 0 | W31: 0 | DA31: FEC.ktoe.BE.ISI.TOTAL.TOTAL.TOTAL.LPG
A32: Diesel oil (without biofuels) | B32: 20.349699 | C32: 17.297248 | D32: 27.472055 | E32: 18.314703 | F32: 14.244798 | G32: 13.227257 | H32: 10.174807 | I32: 9.1573517 | J32: 12.209802 | K32: 11.192347 | L32: 12.209802 | M32: 12.209802 | N32: 12.209802 | O32: 13.227257 | P32: 11.192347 | Q32: 12.209802 | R32: 10.174807 | S32: 10.480052 | T32: 10.378332 | U32: 10.276612 | V32: 9.4487532 | W32: 8.9352537 | DA32: FEC.ktoe.BE.ISI.TOTAL.TOTAL.TOTAL.DIESEL
A33: Fuel oil | B33: 10.5092 | C33: 18.152279 | D33: 21.973861 | E33: 11.464574 | F33: 15.286156 | G33: 11.464574 | H33: 7.6430782 | I33: 18.152279 | J33: 1.9107481 | K33: 0 | L33: 0 | M33: 0 | N33: 3.8214961 | O33: 2.8661221 | P33: 2.8661221 | Q33: 1.9107481 | R33: 1.9107481 | S33: 2.0062769 | T33: 1.5286328 | U33: 1.2419604 | V33: 1.2544282 | W33: 1.1579536 | DA33: FEC.ktoe.BE.ISI.TOTAL.TOTAL.TOTAL.RFO
A34: Other liquids | B34: 168.91178 | C34: 13.757524 | D34: 0 | E34: 1.5286328 | F34: 0.76431642 | G34: 8.4073947 | H34: 0.76431642 | I34: 0 | J34: 0 | K34: 0 | L34: 0 | M34: 0 | N34: 0 | O34: 0 | P34: 0 | Q34: 0 | R34: 0 | S34: 0 | T34: 1.9871883 | U34: 2.5986242 | V34: 2.5616509 | W34: 2.949785 | DA34: FEC.ktoe.BE.ISI.TOTAL.TOTAL.TOTAL.OTHER
A35: Gas | B35: =B36+B37 -> 1382.987 | C35: =C36+C37 -> 1266.3813 | D35: =D36+D37 -> 1319.1442 | E35: =E36+E37 -> 1388.4635 | F35: =F36+F37 -> 1426.434 | G35: =G36+G37 -> 1233.4905 | H35: =H36+H37 -> 1191.6522 | I35: =I36+I37 -> 1132.9108 | ... W35: =W36+W37 -> 633.38306
A36: Natural gas | B36: 818.67541 | C36: 705.19381 | D36: 734.81728 | E36: 731.3865 | F36: 806.05331 | G36: 737.61298 | H36: 736.18263 | I36: 712.53009 | J36: 705.25804 | K36: 406.06552 | L36: 518.39286 | M36: 502.62193 | N36: 456.6239 | O36: 414.127 | P36: 423.07575 | Q36: 459.9374 | R36: 475.40525 | S36: 491.75434 | T36: 515.14643 | U36: 508.58839 | V36: 493.96268 | W36: 453.12227 | DA36: FEC.ktoe.BE.ISI.TOTAL.TOTAL.TOTAL.NG
A37: Derived gases | B37: 564.31161 | C37: 561.18753 | D37: 584.32691 | E37: 657.07704 | F37: 620.38074 | G37: 495.87756 | H37: 455.46956 | I37: 420.38074 | J37: 429.64798 | K37: 234.60877 | L37: 248.28512 | M37: 232.73138 | N37: 209.19802 | O37: 207.36604 | P37: 181.46311 | Q37: 162.29579 | R37: 163.39209 | S37: 171.58117 | T37: 173.14531 | U37: 153.07653 | V37: 141.22932 | W37: 180.26079 | DA37: FEC.ktoe.BE.ISI.TOTAL.TOTAL.TOTAL.DERIVED
A38: RES and wastes | B38: =B39+B40+B41+B42+B43+B44 -> 0 | C38: =C39+C40+C41+C42+C43+C44 -> 0 | D38: =D39+D40+D41+D42+D43+D44 -> 0 | E38: =E39+E40+E41+E42+E43+E44 -> 0 | F38: =F39+F40+F41+F42+F43+F44 -> 0 | G38: =G39+G40+G41+G42+G43+G44 -> 0 | H38: =H39+H40+H41+H42+H43+H44 -> 0 | I38: =I39+I40+I41+I42+I43+I44 -> 0 | ... W38: =W39+W40+W41+W42+W43+W44 -> 2.1581275
A39: Biomass and waste | B39: 0 | C39: 0 | D39: 0 | E39: 0 | F39: 0 | G39: 0 | H39: 0 | I39: 0 | J39: 0 | K39: 0 | L39: 0 | M39: 0 | N39: 0.26749785 | O39: 0.26036113 | P39: 1.6718831 | Q39: 1.6718831 | R39: 1.6718831 | S39: 1.6718831 | T39: 1.6718831 | U39: 1.6718831 | V39: 1.6718831 | W39: 1.6718831 | DA39: FEC.ktoe.BE.ISI.TOTAL.TOTAL.TOTAL.BIOMASS_WASTE
A40: Biogas | B40: 0 | C40: 0 | D40: 0 | E40: 0 | F40: 0 | G40: 0 | H40: 0 | I40: 0 | J40: 0 | K40: 0 | L40: 0 | M40: 0 | N40: 0 | O40: 0 | P40: 0 | Q40: 0 | R40: 0 | S40: 0 | T40: 0 | U40: 0 | V40: 0 | W40: 0 | DA40: FEC.ktoe.BE.ISI.TOTAL.TOTAL.TOTAL.BIOGAS
A41: Liquid biofuels | B41: 0 | C41: 0 | D41: 0 | E41: 0 | F41: 0 | G41: 0 | H41: 0 | I41: 0 | J41: 0 | K41: 0 | L41: 0 | M41: 0 | N41: 0 | O41: 0 | P41: 0 | Q41: 0 | R41: 0 | S41: 0 | T41: 0 | U41: 0 | V41: 0 | W41: 0 | DA41: FEC.ktoe.BE.ISI.TOTAL.TOTAL.TOTAL.LIQBIO
A42: Solar | B42: 0 | C42: 0 | D42: 0 | E42: 0 | F42: 0 | G42: 0 | H42: 0 | I42: 0 | J42: 0 | K42: 0 | L42: 0 | M42: 0 | N42: 0 | O42: 0 | P42: 0 | Q42: 0 | R42: 0 | S42: 0 | T42: 0 | U42: 0 | V42: 0 | W42: 0 | DA42: FEC.ktoe.BE.ISI.TOTAL.TOTAL.TOTAL.SOLAR
A43: Geothermal | B43: 0 | C43: 0 | D43: 0 | E43: 0 | F43: 0 | G43: 0 | H43: 0 | I43: 0 | J43: 0 | K43: 0 | L43: 0 | M43: 0 | N43: 0 | O43: 0 | P43: 0 | Q43: 0 | R43: 0 | S43: 0 | T43: 0 | U43: 0 | V43: 0 | W43: 0 | DA43: FEC.ktoe.BE.ISI.TOTAL.TOTAL.TOTAL.GEO
A44: Ambient heat | B44: 0 | C44: 0 | D44: 0 | E44: 0 | F44: 0 | G44: 0 | H44: 0 | I44: 0 | J44: 0 | K44: 0 | L44: 0.1660667 | M44: 0.1776266 | N44: 0.22938449 | O44: 0.28631361 | P44: 0.44757249 | Q44: 0.61403389 | R44: 0.80047346 | S44: 0.8756615 | T44: 0.82994481 | U44: 0.87304381 | V44: 0.89544627 | W44: 0.48624445 | DA44: FEC.ktoe.BE.ISI.TOTAL.TOTAL.TOTAL.AMBIENT
A45: Distributed steam | B45: 17.220808 | C45: 16.981943 | D45: 16.480396 | E45: 16.169905 | F45: 16.098194 | G45: 14.760705 | H45: 30.954428 | I45: 0 | J45: 0 | K45: 0 | L45: 0 | M45: 0 | N45: 0 | O45: 0 | P45: 0 | Q45: 0 | R45: 0 | S45: 0 | T45: 0 | U45: 0 | V45: 0 | W45: 0 | DA45: FEC.ktoe.BE.ISI.TOTAL.TOTAL.TOTAL.STEAM_DISTR
A46: Electricity | B46: 591.22958 | C46: 572.91488 | D46: 587.53224 | E46: 603.18143 | F46: 548.39209 | G46: 504.66896 | H46: 567.49785 | I46: 565.41702 | J46: 512.94927 | K46: 349.4325 | L46: 449.73345 | M46: 424.58298 | N46: 405.75236 | O46: 396.50903 | P46: 372.09802 | Q46: 378.02236 | R46: 370.05159 | S46: 378.40929 | T46: 385.15047 | U46: 339.34652 | V46: 347.89338 | W46: 367.66982 | DA46: FEC.ktoe.BE.ISI.TOTAL.TOTAL.TOTAL.ELEC
A47: by subsector (calibration output) | B47: =SUM(B48:B49) -> 2408.9111 | C47: =SUM(C48:C49) -> 2171.3324 | D47: =SUM(D48:D49) -> 2286.5941 | E47: =SUM(E48:E49) -> 2413.961 | F47: =SUM(F48:F49) -> 2208.3549 | G47: =SUM(G48:G49) -> 1940.183 | H47: =SUM(H48:H49) -> 1810.0867 | I47: =SUM(I48:I49) -> 1725.6375 | ... W47: =SUM(W48:W49) -> 1034.9005
A48: Integrated steelworks | B48: =ISI_fec!B5 -> 2102.9252 | C48: =ISI_fec!C5 -> 1867.0729 | D48: =ISI_fec!D5 -> 1961.5388 | E48: =ISI_fec!E5 -> 2083.4198 | F48: =ISI_fec!F5 -> 1906.408 | G48: =ISI_fec!G5 -> 1665.6535 | H48: =ISI_fec!H5 -> 1494.0744 | I48: =ISI_fec!I5 -> 1385.9798 | ... W48: =ISI_fec!W5 -> 838.57315
A49: Electric arc | B49: =ISI_fec!B54 -> 305.9859 | C49: =ISI_fec!C54 -> 304.25945 | D49: =ISI_fec!D54 -> 325.05527 | E49: =ISI_fec!E54 -> 330.54113 | F49: =ISI_fec!F54 -> 301.94688 | G49: =ISI_fec!G54 -> 274.52947 | H49: =ISI_fec!H54 -> 316.01223 | I49: =ISI_fec!I54 -> 339.65774 | ... W49: =ISI_fec!W54 -> 196.32737
A51: CO2 emissions (kt CO2) | B51: =B52+B53 -> 17662.027 | C51: =C52+C53 -> 16487.276 | D51: =D52+D53 -> 17511.077 | E51: =E52+E53 -> 18188.295 | F51: =F52+F53 -> 17427.495 | G51: =G52+G53 -> 14406.998 | H51: =H52+H53 -> 13519.485 | I51: =I52+I53 -> 12031.342 | ... W51: =W52+W53 -> 5473.739
A52: energy use related | B52: =(ISI_emi!B5-ISI_emi!B52)+(ISI_emi!B54-ISI_emi!B96) -> 8153.074 | C52: =(ISI_emi!C5-ISI_emi!C52)+(ISI_emi!C54-ISI_emi!C96) -> 7394.3902 | D52: =(ISI_emi!D5-ISI_emi!D52)+(ISI_emi!D54-ISI_emi!D96) -> 7853.1008 | E52: =(ISI_emi!E5-ISI_emi!E52)+(ISI_emi!E54-ISI_emi!E96) -> 8849.4325 | F52: =(ISI_emi!F5-ISI_emi!F52)+(ISI_emi!F54-ISI_emi!F96) -> 7810.8434 | G52: =(ISI_emi!G5-ISI_emi!G52)+(ISI_emi!G54-ISI_emi!G96) -> 6173.7734 | H52: =(ISI_emi!H5-ISI_emi!H52)+(ISI_emi!H54-ISI_emi!H96) -> 5119.5849 | I52: =(ISI_emi!I5-ISI_emi!I52)+(ISI_emi!I54-ISI_emi!I96) -> 4721.5681 | ... W52: =(ISI_emi!W5-ISI_emi!W52)+(ISI_emi!W54-ISI_emi!W96) -> 2000.1909
A53: process emissions | B53: =ISI_emi!B52+ISI_emi!B96 -> 9508.953 | C53: =ISI_emi!C52+ISI_emi!C96 -> 9092.8854 | D53: =ISI_emi!D52+ISI_emi!D96 -> 9657.9762 | E53: =ISI_emi!E52+ISI_emi!E96 -> 9338.8623 | F53: =ISI_emi!F52+ISI_emi!F96 -> 9616.6518 | G53: =ISI_emi!G52+ISI_emi!G96 -> 8233.2242 | H53: =ISI_emi!H52+ISI_emi!H96 -> 8399.9002 | I53: =ISI_emi!I52+ISI_emi!I96 -> 7309.7735 | ... W53: =ISI_emi!W52+ISI_emi!W96 -> 3473.5482
A54: by subsector (calibration output) | B54: =SUM(B55:B56) -> 17662.027 | C54: =SUM(C55:C56) -> 16487.276 | D54: =SUM(D55:D56) -> 17511.077 | E54: =SUM(E55:E56) -> 18188.295 | F54: =SUM(F55:F56) -> 17427.495 | G54: =SUM(G55:G56) -> 14406.998 | H54: =SUM(H55:H56) -> 13519.485 | I54: =SUM(I55:I56) -> 12031.342 | ... W54: =SUM(W55:W56) -> 5473.739
A55: Integrated steelworks | B55: =ISI_emi!B$5 -> 17008.792 | C55: =ISI_emi!C$5 -> 15843.014 | D55: =ISI_emi!D$5 -> 16810.964 | E55: =ISI_emi!E$5 -> 17459.282 | F55: =ISI_emi!F$5 -> 16768.255 | G55: =ISI_emi!G$5 -> 13848.515 | H55: =ISI_emi!H$5 -> 12913.043 | I55: =ISI_emi!I$5 -> 11389.132 | ... W55: =ISI_emi!W$5 -> 5183.9352
A56: Electric arc | B56: =ISI_emi!B$54 -> 653.23502 | C56: =ISI_emi!C$54 -> 644.26117 | D56: =ISI_emi!D$54 -> 700.1132 | E56: =ISI_emi!E$54 -> 729.01314 | F56: =ISI_emi!F$54 -> 659.23971 | G56: =ISI_emi!G$54 -> 558.48218 | H56: =ISI_emi!H$54 -> 606.44167 | I56: =ISI_emi!I$54 -> 642.20956 | ... W56: =ISI_emi!W$54 -> 289.80385
A58: Value added intensity (VA in €2015/t of output) | B58: =IF(B$7=0,"",B$3/B$7*1000) -> 252.87653 | C58: =IF(C$7=0,"",C$3/C$7*1000) -> 227.7479 | D58: =IF(D$7=0,"",D$3/D$7*1000) -> 226.53997 | E58: =IF(E$7=0,"",E$3/E$7*1000) -> 228.8325 | F58: =IF(F$7=0,"",F$3/F$7*1000) -> 260.43409 | G58: =IF(G$7=0,"",G$3/G$7*1000) -> 292.26893 | H58: =IF(H$7=0,"",H$3/H$7*1000) -> 261.93605 | I58: =IF(I$7=0,"",I$3/I$7*1000) -> 326.33486 | ... W58: =IF(W$7=0,"",W$3/W$7*1000) -> 319.33177
A59: Energy intensity (toe/t of output) | B59: =IF(B$47=0,"",B$47/B$7) -> 0.20702227 | C59: =IF(C$47=0,"",C$47/C$7) -> 0.20175919 | D59: =IF(D$47=0,"",D$47/D$7) -> 0.20158622 | E59: =IF(E$47=0,"",E$47/E$7) -> 0.21720441 | F59: =IF(F$47=0,"",F$47/F$7) -> 0.18878252 | G59: =IF(G$47=0,"",G$47/G$7) -> 0.18619636 | H59: =IF(H$47=0,"",H$47/H$7) -> 0.15563174 | I59: =IF(I$47=0,"",I$47/I$7) -> 0.16140094 | ... W59: =IF(W$47=0,"",W$47/W$7) -> 0.14978396
A60: Integrated steelworks | B60: =IF(B$48=0,"",B$48/B$8) -> 0.23601854 | C60: =IF(C$48=0,"",C$48/C$8) -> 0.23277309 | D60: =IF(D$48=0,"",D$48/D$8) -> 0.23303591 | E60: =IF(E$48=0,"",E$48/E$8) -> 0.25073929 | F60: =IF(F$48=0,"",F$48/F$8) -> 0.2163318 | G60: =IF(G$48=0,"",G$48/G$8) -> 0.2142113 | H60: =IF(H$48=0,"",H$48/H$8) -> 0.18282285 | I60: =IF(I$48=0,"",I$48/I$8) -> 0.19392143 | ... W60: =IF(W$48=0,"",W$48/W$8) -> 0.17796038
A61: Electric arc | B61: =IF(B$49=0,"",B$49/B$9) -> 0.11224721 | C61: =IF(C$49=0,"",C$49/C$9) -> 0.11100308 | D61: =IF(D$49=0,"",D$49/D$9) -> 0.11110403 | E61: =IF(E$49=0,"",E$49/E$9) -> 0.11785397 | F61: =IF(F$49=0,"",F$49/F$9) -> 0.10464457 | G61: =IF(G$49=0,"",G$49/G$9) -> 0.10381772 | H61: =IF(H$49=0,"",H$49/H$9) -> 0.091377305 | I61: =IF(I$49=0,"",I$49/I$9) -> 0.0958267 | ... W61: =IF(W$49=0,"",W$49/W$9) -> 0.089355306
A62: Useful energy demand intensity (toe useful/t of output) | B62: =IF(SUM(ISI_ued!B$5,ISI_ued!B$54)=0,"",SUM(ISI_ued!B$5,ISI_ued!B$54)/B$7) -> 0.11303369 | C62: =IF(SUM(ISI_ued!C$5,ISI_ued!C$54)=0,"",SUM(ISI_ued!C$5,ISI_ued!C$54)/C$7) -> 0.11134223 | D62: =IF(SUM(ISI_ued!D$5,ISI_ued!D$54)=0,"",SUM(ISI_ued!D$5,ISI_ued!D$54)/D$7) -> 0.11117438 | E62: =IF(SUM(ISI_ued!E$5,ISI_ued!E$54)=0,"",SUM(ISI_ued!E$5,ISI_ued!E$54)/E$7) -> 0.11964931 | F62: =IF(SUM(ISI_ued!F$5,ISI_ued!F$54)=0,"",SUM(ISI_ued!F$5,ISI_ued!F$54)/F$7) -> 0.10386831 | G62: =IF(SUM(ISI_ued!G$5,ISI_ued!G$54)=0,"",SUM(ISI_ued!G$5,ISI_ued!G$54)/G$7) -> 0.10248147 | H62: =IF(SUM(ISI_ued!H$5,ISI_ued!H$54)=0,"",SUM(ISI_ued!H$5,ISI_ued!H$54)/H$7) -> 0.088100268 | I62: =IF(SUM(ISI_ued!I$5,ISI_ued!I$54)=0,"",SUM(ISI_ued!I$5,ISI_ued!I$54)/I$7) -> 0.09152592 | ... W62: =IF(SUM(ISI_ued!W$5,ISI_ued!W$54)=0,"",SUM(ISI_ued!W$5,ISI_ued!W$54)/W$7) -> 0.086104196
A63: Integrated steelworks | B63: =IF(ISI_ued!B$5=0,"",ISI_ued!B$5/B$8) -> 0.12762176 | C63: =IF(ISI_ued!C$5=0,"",ISI_ued!C$5/C$8) -> 0.12709078 | D63: =IF(ISI_ued!D$5=0,"",ISI_ued!D$5/D$8) -> 0.12708928 | E63: =IF(ISI_ued!E$5=0,"",ISI_ued!E$5/E$8) -> 0.13663373 | F63: =IF(ISI_ued!F$5=0,"",ISI_ued!F$5/F$8) -> 0.11773566 | G63: =IF(ISI_ued!G$5=0,"",ISI_ued!G$5/G$8) -> 0.1165458 | H63: =IF(ISI_ued!H$5=0,"",ISI_ued!H$5/H$8) -> 0.10188948 | I63: =IF(ISI_ued!I$5=0,"",ISI_ued!I$5/I$8) -> 0.10803395 | ... W63: =IF(ISI_ued!W$5=0,"",ISI_ued!W$5/W$8) -> 0.099984934
A64: Electric arc | B64: =IF(ISI_ued!B$54=0,"",ISI_ued!B$54/B$9) -> 0.065352184 | C64: =IF(ISI_ued!C$54=0,"",ISI_ued!C$54/C$9) -> 0.065257186 | D64: =IF(ISI_ued!D$54=0,"",ISI_ued!D$54/D$9) -> 0.065386492 | E64: =IF(ISI_ued!E$54=0,"",ISI_ued!E$54/E$9) -> 0.069331269 | F64: =IF(ISI_ued!F$54=0,"",ISI_ued!F$54/F$9) -> 0.061516197 | G64: =IF(ISI_ued!G$54=0,"",ISI_ued!G$54/G$9) -> 0.061124928 | H64: =IF(ISI_ued!H$54=0,"",ISI_ued!H$54/H$9) -> 0.055515435 | I64: =IF(ISI_ued!I$54=0,"",ISI_ued!I$54/I$9) -> 0.058239172 | ... W64: =IF(ISI_ued!W$54=0,"",ISI_ued!W$54/W$9) -> 0.056334823
A65: Emission intensity (kt of CO2 / ktoe) | B65: =IF(B$47=0,"",B$54/B$47) -> 7.3319547 | C65: =IF(C$47=0,"",C$54/C$47) -> 7.5931607 | D65: =IF(D$47=0,"",D$54/D$47) -> 7.6581485 | E65: =IF(E$47=0,"",E$54/E$47) -> 7.5346267 | F65: =IF(F$47=0,"",F$54/F$47) -> 7.891619 | G65: =IF(G$47=0,"",G$54/G$47) -> 7.4255871 | H65: =IF(H$47=0,"",H$54/H$47) -> 7.4689711 | I65: =IF(I$47=0,"",I$54/I$47) -> 6.9721142 | ... W65: =IF(W$47=0,"",W$54/W$47) -> 5.2891451
A66: Integrated steelworks (including process emissions) | B66: =IF(B$48=0,"",B$55/B$48) -> 8.0881584 | C66: =IF(C$48=0,"",C$55/C$48) -> 8.4854824 | D66: =IF(D$48=0,"",D$55/D$48) -> 8.5702938 | E66: =IF(E$48=0,"",E$55/E$48) -> 8.3801073 | F66: =IF(F$48=0,"",F$55/F$48) -> 8.7957329 | G66: =IF(G$48=0,"",G$55/G$48) -> 8.3141634 | H66: =IF(H$48=0,"",H$55/H$48) -> 8.642838 | I66: =IF(I$48=0,"",I$55/I$48) -> 8.217387 | ... W66: =IF(W$48=0,"",W$55/W$48) -> 6.1818521
A67: Electric arc (including process emissions) | B67: =IF(B$49=0,"",B$56/B$49) -> 2.1348534 | C67: =IF(C$49=0,"",C$56/C$49) -> 2.117473 | D67: =IF(D$49=0,"",D$56/D$49) -> 2.1538282 | E67: =IF(E$49=0,"",E$56/E$49) -> 2.2055141 | F67: =IF(F$49=0,"",F$56/F$49) -> 2.183297 | G67: =IF(G$49=0,"",G$56/G$49) -> 2.0343251 | H67: =IF(H$49=0,"",H$56/H$49) -> 1.9190449 | I67: =IF(I$49=0,"",I$56/I$49) -> 1.890755 | ... W67: =IF(W$49=0,"",W$56/W$49) -> 1.4761256

Sheet ISI_fec
A1: =index!A$1&": Iron and steel / final energy consumption" -> BE: Iron and steel / final energy consumption | B1: 2000 | C1: 2001 | D1: 2002 | E1: 2003 | F1: 2004 | G1: 2005 | H1: 2006 | I1: 2007 | J1: 2008 | K1: 2009 | L1: 2010 | M1: 2011 | N1: 2012 | O1: 2013 | P1: 2014 | Q1: 2015 | R1: 2016 | S1: 2017 | T1: 2018 | U1: 2019 | V1: 2020 | W1: 2021 | DA1: Code
A3: Detailed split of energy consumption by subsector (ktoe)
A5: Integrated steelworks | B5: 2102.9252 | C5: 1867.0729 | D5: 1961.5388 | E5: 2083.4198 | F5: 1906.408 | G5: 1665.6535 | H5: 1494.0744 | I5: 1385.9798 | J5: 1362.1944 | K5: 746.07068 | L5: 968.63549 | M5: 926.36589 | N5: 846.44738 | O5: 830.69166 | P5: 802.76413 | Q5: 819.45366 | R5: 844.98482 | S5: 869.01692 | T5: 877.8615 | U5: 830.30722 | V5: 824.9878 | W5: 838.57315 | DA5: FEC.ktoe.BE.ISI.BF_BOF.TOTAL.TOTAL.TOTAL
A6: Lighting | B6: 4.9018254 | C6: 4.4155623 | D6: 4.5675177 | E6: 4.6634609 | F6: 4.6013319 | G6: 4.1594247 | H6: 4.0566918 | I6: 3.8166588 | J6: 3.7116625 | K6: 2.0137968 | L6: 2.7908707 | M6: 2.6718212 | N6: 2.4469284 | O6: 2.4198316 | P6: 2.3564243 | Q6: 2.4107883 | R6: 2.5029779 | S6: 2.5547046 | T6: 2.5484378 | U6: 2.3914213 | V6: 2.4372351 | W6: 2.4356843 | DA6: FEC.ktoe.BE.ISI.BF_BOF.LIGHT.GENERIC.ELEC
A7: Air compressors | B7: 2.6143069 | C7: 2.3549666 | D7: 2.4360094 | E7: 2.4871792 | F7: 2.4540437 | G7: 2.2183598 | H7: 2.163569 | I7: 2.0355513 | J7: 1.9795533 | K7: 1.0740249 | L7: 1.4884644 | M7: 1.4249713 | N7: 1.3050285 | O7: 1.2905768 | P7: 1.2567596 | Q7: 1.2857537 | R7: 1.3349216 | S7: 1.3625091 | T7: 1.3591668 | U7: 1.2754247 | V7: 1.2998587 | W7: 1.2990316 | DA7: FEC.ktoe.BE.ISI.BF_BOF.AIRCOMP.GENERIC.ELEC
A8: Motor drives | B8: 65.357672 | C8: 58.874164 | D8: 60.900236 | E8: 62.179479 | F8: 61.351092 | G8: 55.458996 | H8: 54.089224 | I8: 50.888784 | J8: 49.488833 | K8: 26.850624 | L8: 37.211609 | M8: 35.624283 | N8: 32.625712 | O8: 32.264421 | P8: 31.418991 | Q8: 32.143843 | R8: 33.373039 | S8: 34.062729 | T8: 33.97917 | U8: 31.885618 | V8: 32.496468 | W8: 32.475791 | DA8: FEC.ktoe.BE.ISI.BF_BOF.MOTOR.GENERIC.ELEC
A9: Fans and pumps | B9: 1.6339418 | C9: 1.4718541 | D9: 1.5225059 | E9: 1.554487 | F9: 1.5337773 | G9: 1.3864749 | H9: 1.3522306 | I9: 1.2722196 | J9: 1.2372208 | K9: 0.67126559 | L9: 0.93029023 | M9: 0.89060707 | N9: 0.81564279 | O9: 0.80661052 | P9: 0.78547477 | Q9: 0.80359608 | R9: 0.83432598 | S9: 0.85156822 | T9: 0.84947926 | U9: 0.79714045 | V9: 0.81241169 | W9: 0.81189477 | DA9: FEC.ktoe.BE.ISI.BF_BOF.FANS.GENERIC.ELEC
A10: Low-enthalpy heat | B10: 3.3725449 | C10: 3.0440015 | D10: 3.1739384 | E10: 3.2504479 | F10: 3.1891456 | G10: 2.8567491 | H10: 2.7122059 | I10: 2.5539582 | J10: 2.4957394 | K10: 1.3696255 | L10: 1.9043313 | M10: 1.8319261 | N10: 1.7046224 | O10: 1.7010906 | P10: 1.7303675 | Q10: 1.8454466 | R10: 1.9949118 | S10: 2.0704189 | T10: 2.0504786 | U10: 1.9851149 | V10: 2.0077521 | W10: 1.8073426 | DA10: FEC.ktoe.BE.ISI.BF_BOF.LOW_ENTH.TOTAL.TOTAL
A11: Diesel oil and liquid biofuels | B11: 0.077710899 | C11: 0.063386386 | D11: 0.099951202 | E11: 0.06664091 | F11: 0.052400876 | G11: 0.048476656 | H11: 0.035709268 | I11: 0.030895963 | J11: 0.041814471 | K11: 0.034155011 | L11: 0.03821702 | M11: 0.038155611 | N11: 0.036986886 | O11: 0.040421245 | P11: 0.032944961 | Q11: 0.034125143 | R11: 0.027946342 | S11: 0.02828475 | T11: 0.027889096 | U11: 0.027280816 | V11: 0.025230071 | W11: 0.026476268 | DA11: FEC.ktoe.BE.ISI.BF_BOF.LOW_ENTH.THERM.DIESEL_LIQBIO
A12: Natural gas and biogas | B12: 1.9858987 | C12: 1.721606 | D12: 1.8024332 | E12: 1.8580047 | F12: 1.9545302 | G12: 1.7263439 | H12: 1.5116854 | I12: 1.4094719 | J12: 1.4311567 | K12: 0.73569292 | L12: 0.89764372 | M12: 0.86677357 | N12: 0.75964071 | O12: 0.68981269 | P12: 0.67007526 | Q12: 0.68648743 | R12: 0.69347268 | S12: 0.7113505 | T12: 0.74926654 | U12: 0.73274163 | V12: 0.69698711 | W12: 0.73038768 | DA12: FEC.ktoe.BE.ISI.BF_BOF.LOW_ENTH.THERM.NG_BIOGAS
A13: Solar and geothermal | B13: 0 | C13: 0 | D13: 0 | E13: 0 | F13: 0 | G13: 0 | H13: 0 | I13: 0 | J13: 0 | K13: 0 | L13: 0 | M13: 0 | N13: 0 | O13: 0 | P13: 0 | Q13: 0 | R13: 0 | S13: 0 | T13: 0 | U13: 0 | V13: 0 | W13: 0 | DA13: FEC.ktoe.BE.ISI.BF_BOF.LOW_ENTH.THERM.SOLAR_GEO
A14: Ambient heat | B14: 0 | C14: 0 | D14: 0 | E14: 0 | F14: 0 | G14: 0 | H14: 0 | I14: 0 | J14: 0 | K14: 0 | L14: 0.13467221 | M14: 0.14438319 | N14: 0.18393165 | O14: 0.23480657 | P14: 0.36958316 | Q14: 0.50291686 | R14: 0.67040962 | S14: 0.72937373 | T14: 0.67850844 | U14: 0.71932421 | V14: 0.74874206 | W14: 0.40439738 | DA14: FEC.ktoe.BE.ISI.BF_BOF.LOW_ENTH.HP.AMBIENT
A15: Electricity | B15: 1.3089353 | C15: 1.2590091 | D15: 1.271554 | E15: 1.3258024 | F15: 1.1822145 | G15: 1.0819286 | H15: 1.1648112 | I15: 1.1135903 | J15: 1.0227683 | K15: 0.59977757 | L15: 0.83379835 | M15: 0.78261369 | N15: 0.72406311 | O15: 0.73605005 | P15: 0.65776416 | Q15: 0.62191713 | R15: 0.60308311 | S15: 0.60140993 | T15: 0.59481457 | U15: 0.5057682 | V15: 0.53679286 | W15: 0.64608126 | DA15: FEC.ktoe.BE.ISI.BF_BOF.LOW_ENTH.THERM.ELEC
A16: Steel: Sinter/Pellet-making | B16: 377.557 | C16: 349.15477 | D16: 365.85909 | E16: 390.64698 | F16: 365.87907 | G16: 320.27574 | H16: 285.97643 | I16: 266.8632 | J16: 263.58107 | K16: 143.20819 | L16: 183.96716 | M16: 175.86497 | N16: 160.36753 | O16: 156.97539 | P16: 151.32359 | Q16: 154.12285 | R16: 159.06055 | S16: 163.75771 | T16: 165.33325 | U16: 156.08937 | V16: 154.91718 | W16: 158.07289 | DA16: FEC.ktoe.BE.ISI.BF_BOF.SINTERING.TOTAL.TOTAL
... A34: Steel: Furnaces, refining and rolling - Electric | B34: 212.40436 | C34: 202.80414 | D34: 204.30846 | E34: 214.83485 | F34: 191.0276 | G34: 175.23022 | H34: 189.36797 | I34: 179.46144 | J34: 167.03149 | K34: 98.114575 | L34: 141.50362 | M34: 133.40078 | N34: 124.85425 | O34: 129.25036 | P34: 120.92743 | Q34: 119.04648 | R34: 120.85427 | S34: 122.01556 | T34: 118.80048 | U34: 103.5066 | V34: 110.77877 | W34: 119.81999 | DA34: FEC.ktoe.BE.ISI.BF_BOF.REFINING.ELEC.ELEC
A35: Steel: Product finishing | B35: =B36+B40+B51 -> 370.58806 | C35: =C36+C40+C51 -> 246.37711 | D35: =D36+D40+D51 -> 249.91946 | E35: =E36+E40+E51 -> 260.33634 | F35: =F36+F40+F51 -> 250.18012 | G35: =G36+G40+G51 -> 226.06173 | H35: =H36+H40+H51 -> 214.77136 | I35: =I36+I40+I51 -> 188.00358 | ... W35: =W36+W40+W51 -> 116.74786
A36: Steel: Product finishing - Thermal | B36: 107.3077 | C36: 92.819604 | D36: 98.923987 | E36: 100.08157 | F36: 104.36042 | G36: 92.290669 | H36: 80.464524 | I36: 74.899127 | J36: 76.5945 | K36: 40.032093 | L36: 50.486795 | M36: 49.032672 | N36: 43.864106 | O36: 40.906797 | P36: 41.235017 | Q36: 43.949176 | R36: 46.06059 | S36: 47.812798 | T36: 49.427021 | U36: 49.517924 | V36: 47.450402 | W36: 44.683611 | DA36: FEC.ktoe.BE.ISI.BF_BOF.FINISHING.THERM.TOTAL
A37: LPG | B37: 0 | C37: 0 | D37: 0 | E37: 0 | F37: 0 | G37: 0 | H37: 0 | I37: 0 | J37: 0 | K37: 0 | L37: 0 | M37: 0 | N37: 0 | O37: 0 | P37: 0 | Q37: 0 | R37: 0 | S37: 0 | T37: 0 | U37: 0 | V37: 0 | W37: 0 | DA37: FEC.ktoe.BE.ISI.BF_BOF.FINISHING.THERM.LPG
A38: Diesel oil and liquid biofuels | B38: 4.0409668 | C38: 3.2960921 | D38: 5.1974625 | E38: 3.4653273 | F38: 2.7248456 | G38: 2.5207861 | H38: 1.8568819 | I38: 1.6065901 | J38: 2.1743525 | K38: 1.7760606 | L38: 2.0616901 | M38: 2.0674232 | N38: 2.0365811 | O38: 2.2643479 | P38: 1.932357 | Q38: 2.0812458 | R38: 1.7842959 | S38: 1.8284324 | T38: 1.7737437 | U38: 1.7774335 | V38: 1.6576413 | W38: 1.5631016 | DA38: FEC.ktoe.BE.ISI.BF_BOF.FINISHING.THERM.DIESEL_LIQBIO
A39: Natural gas and biogas | B39: 103.26673 | C39: 89.523512 | D39: 93.726524 | E39: 96.616242 | F39: 101.63557 | G39: 89.769883 | H39: 78.607642 | I39: 73.292537 | J39: 74.420148 | K39: 38.256032 | L39: 48.425105 | M39: 46.965248 | N39: 41.827525 | O39: 38.642449 | P39: 39.30266 | Q39: 41.86793 | R39: 44.276294 | S39: 45.984366 | T39: 47.653278 | U39: 47.740491 | V39: 45.792761 | W39: 43.12051 | DA39: FEC.ktoe.BE.ISI.BF_BOF.FINISHING.THERM.NG_BIOGAS
A40: Steel: Product finishing - Steam | B40: 195.21573 | C40: 88.089028 | D40: 84.874665 | E40: 91.313045 | F40: 84.34455 | G40: 77.510777 | H40: 73.73665 | I40: 55.197757 | J40: 54.554519 | K40: 29.990499 | L40: 37.538168 | M40: 35.847964 | N40: 32.796061 | O40: 32.002775 | P40: 31.235613 | Q40: 31.726946 | R40: 32.581868 | S40: 33.641542 | T40: 34.934953 | U40: 33.353248 | V40: 32.808967 | W40: 33.921003 | DA40: FEC.ktoe.BE.ISI.BF_BOF.FINISHING_STEAM.TOTAL.TOTAL
A41: Solids | B41: 0 | C41: 0 | D41: 0 | E41: 0 | F41: 0 | G41: 3.0501563 | H41: 0.0814363 | I41: 0 | J41: 0 | K41: 0 | L41: 0 | M41: 0 | N41: 0 | O41: 0 | P41: 0 | Q41: 0.50724847 | R41: 0.46855633 | S41: 0.64846917 | T41: 0.67806529 | U41: 0.67309084 | V41: 0.67701875 | W41: 0.68187001 | DA41: FEC.ktoe.BE.ISI.BF_BOF.FINISHING_STEAM.STEAM.NONCOKE_SOLIDS
A42: Refinery gas | B42: 0 | C42: 0 | D42: 0 | E42: 0 | F42: 0 | G42: 0 | H42: 0 | I42: 0 | J42: 0 | K42: 0 | L42: 0 | M42: 0 | N42: 0 | O42: 0 | P42: 0 | Q42: 0 | R42: 0 | S42: 0 | T42: 0 | U42: 0 | V42: 0 | W42: 0 | DA42: FEC.ktoe.BE.ISI.BF_BOF.FINISHING_STEAM.STEAM.RFG
A43: LPG | B43: 0 | C43: 0 | D43: 0 | E43: 0 | F43: 0 | G43: 0 | H43: 0 | I43: 0 | J43: 0 | K43: 0 | L43: 0 | M43: 0 | N43: 0 | O43: 0 | P43: 0 | Q43: 0 | R43: 0 | S43: 0 | T43: 0 | U43: 0 | V43: 0 | W43: 0 | DA43: FEC.ktoe.BE.ISI.BF_BOF.FINISHING_STEAM.STEAM.LPG
A44: Diesel oil and liquid biofuels | B44: 0.38883836 | C44: 0.6898899 | D44: 1.1802063 | E44: 0.72413533 | F44: 0.59656003 | G44: 0.54791376 | H44: 0.4499718 | I44: 0.51382161 | J44: 0.66368564 | K44: 0.59440005 | L44: 0.79076042 | M44: 0.79403286 | N44: 0.79883019 | O44: 0.89946481 | P44: 0.76915766 | Q44: 0.84831123 | R44: 0.72055118 | S44: 0.72435615 | T44: 0.67758262 | U44: 0.65775177 | V44: 0.64616524 | W44: 0.57690587 | DA44: FEC.ktoe.BE.ISI.BF_BOF.FINISHING_STEAM.STEAM.DIESEL_LIQBIO
A45: Fuel oil | B45: 0.14895647 | C45: 0.5652625 | D45: 0.74693778 | E45: 0.37362405 | F45: 0.49350473 | G45: 0.35269024 | H45: 0.22624619 | I45: 0.68150847 | J45: 0.070342167 | K45: 0 | L45: 0 | M45: 0 | N45: 0.15467467 | O45: 0.1196572 | P45: 0.11920472 | Q45: 0.079603301 | R45: 0.080721431 | S45: 0.08357251 | T45: 0.060780271 | U45: 0.04858914 | V45: 0.050896087 | W45: 0.045848404 | DA45: FEC.ktoe.BE.ISI.BF_BOF.FINISHING_STEAM.STEAM.RFO
A46: Other liquids | B46: 151.22035 | C46: 12.138124 | D46: 0 | E46: 1.3461717 | F46: 0.67805741 | G46: 7.4467819 | H46: 0.66112049 | I46: 0 | J46: 0 | K46: 0 | L46: 0 | M46: 0 | N46: 0 | O46: 0 | P46: 0 | Q46: 0 | R46: 0 | S46: 0 | T46: 1.6790243 | U46: 2.2102154 | V46: 2.206182 | W46: 2.5288893 | DA46: FEC.ktoe.BE.ISI.BF_BOF.FINISHING_STEAM.STEAM.OTHER
A47: Natural gas and biogas | B47: 9.9367474 | C47: 18.737755 | D47: 21.282815 | E47: 20.189502 | F47: 22.251434 | G47: 19.512228 | H47: 19.048719 | I47: 23.440509 | J47: 22.715536 | K47: 12.803273 | L47: 18.57343 | M47: 18.03789 | N47: 16.406462 | O47: 15.349904 | P47: 15.644077 | Q47: 17.065276 | R47: 17.88007 | S47: 18.217276 | T47: 18.203888 | U47: 17.666704 | V47: 17.850478 | W47: 15.914816 | DA47: FEC.ktoe.BE.ISI.BF_BOF.FINISHING_STEAM.STEAM.NG_BIOGAS
... A78: Steel: Furnaces, refining and rolling - Electric | B78: 45.520454 | C78: 49.564396 | D78: 51.418242 | E78: 53.341479 | F78: 44.516864 | G78: 41.407515 | H78: 54.147563 | I78: 59.080685 | J78: 49.69877 | K78: 45.483341 | L78: 49.691658 | M78: 46.268732 | N78: 46.478084 | O78: 42.709896 | P78: 38.44043 | Q78: 39.622454 | R78: 35.319837 | S78: 36.864933 | T78: 39.942341 | U78: 33.320609 | V78: 32.696949 | W78: 36.531242 | DA78: FEC.ktoe.BE.ISI.EAF.REFINING.ELEC.ELEC
A79: Steel: Product finishing | B79: =B80+B84+B95 -> 43.355497 | C79: =C80+C84+C95 -> 32.870244 | D79: =D80+D84+D95 -> 34.335274 | E79: =E80+E84+E95 -> 35.286183 | F79: =F80+F84+F95 -> 31.826642 | G79: =G80+G84+G95 -> 29.161294 | H79: =H80+H84+H95 -> 33.524192 | I79: =I80+I84+I95 -> 33.787033 | ... W79: =W80+W84+W95 -> 19.430932
A80: Steel: Product finishing - Thermal | B80: 12.554043 | C80: 12.383468 | D80: 13.590707 | E80: 13.565131 | F80: 13.276201 | G80: 11.905223 | H80: 12.559906 | I80: 13.460484 | J80: 12.440976 | K80: 10.130636 | L80: 9.678394 | M80: 9.2837699 | N80: 8.9138178 | O80: 7.3790727 | P80: 7.1554862 | Q80: 7.9851874 | R80: 7.3484505 | S80: 7.885913 | T80: 9.0717134 | U80: 8.7019566 | V80: 7.645399 | W80: 7.436918 | DA80: FEC.ktoe.BE.ISI.EAF.FINISHING.THERM.TOTAL
A81: LPG | B81: 0 | C81: 0 | D81: 0 | E81: 0 | F81: 0 | G81: 0 | H81: 0 | I81: 0 | J81: 0 | K81: 0 | L81: 0 | M81: 0 | N81: 0 | O81: 0 | P81: 0 | Q81: 0 | R81: 0 | S81: 0 | T81: 0 | U81: 0 | V81: 0 | W81: 0 | DA81: FEC.ktoe.BE.ISI.EAF.FINISHING.THERM.LPG
A82: Diesel oil and liquid biofuels | B82: 0.47275706 | C82: 0.43974602 | D82: 0.71405524 | E82: 0.46969307 | F82: 0.34664098 | G82: 0.32517394 | H82: 0.28984529 | I82: 0.28872807 | J82: 0.35317246 | K82: 0.44945497 | L82: 0.39522908 | M82: 0.39144269 | N82: 0.41386259 | O82: 0.40845993 | P82: 0.33532067 | Q82: 0.37814447 | R82: 0.2846644 | S82: 0.30156902 | T82: 0.32554854 | U82: 0.31235456 | V82: 0.26708581 | W82: 0.26015486 | DA82: FEC.ktoe.BE.ISI.EAF.FINISHING.THERM.DIESEL_LIQBIO
A83: Natural gas and biogas | B83: 12.081286 | C83: 11.943722 | D83: 12.876652 | E83: 13.095438 | F83: 12.92956 | G83: 11.580049 | H83: 12.270061 | I83: 13.171756 | J83: 12.087804 | K83: 9.6811809 | L83: 9.283165 | M83: 8.8923272 | N83: 8.4999552 | O83: 6.9706128 | P83: 6.8201656 | Q83: 7.6070429 | R83: 7.0637861 | S83: 7.584344 | T83: 8.7461649 | U83: 8.389602 | V83: 7.3783132 | W83: 7.1767631 | DA83: FEC.ktoe.BE.ISI.EAF.FINISHING.THERM.NG_BIOGAS
A84: Steel: Product finishing - Steam | B84: 22.838499 | C84: 11.752342 | D84: 11.660536 | E84: 12.376639 | F84: 10.729884 | G84: 9.9986606 | H84: 11.509736 | I84: 9.919856 | J84: 8.8610993 | K84: 7.5894814 | L84: 7.1961229 | M84: 6.7873977 | N84: 6.6646319 | O84: 5.7728989 | P84: 5.420296 | Q84: 5.7645131 | R84: 5.1980716 | S84: 5.5486039 | T84: 6.4118749 | U84: 5.8612821 | V84: 5.2863124 | W84: 5.6456431 | DA84: FEC.ktoe.BE.ISI.EAF.FINISHING_STEAM.TOTAL.TOTAL
A85: Solids | B85: 0 | C85: 0 | D85: 0 | E85: 0 | F85: 0 | G85: 0.39346113 | H85: 0.012711593 | I85: 0 | J85: 0 | K85: 0 | L85: 0 | M85: 0 | N85: 0 | O85: 0 | P85: 0 | Q85: 0.092162685 | R85: 0.074752907 | S85: 0.10695403 | T85: 0.12445043 | U85: 0.11828459 | V85: 0.10908398 | W85: 0.11348705 | DA85: FEC.ktoe.BE.ISI.EAF.FINISHING_STEAM.STEAM.NONCOKE_SOLIDS
A86: Refinery gas | B86: 0 | C86: 0 | D86: 0 | E86: 0 | F86: 0 | G86: 0 | H86: 0 | I86: 0 | J86: 0 | K86: 0 | L86: 0 | M86: 0 | N86: 0 | O86: 0 | P86: 0 | Q86: 0 | R86: 0 | S86: 0 | T86: 0 | U86: 0 | V86: 0 | W86: 0 | DA86: FEC.ktoe.BE.ISI.EAF.FINISHING_STEAM.STEAM.RFG
A87: LPG | B87: 0 | C87: 0 | D87: 0 | E87: 0 | F87: 0 | G87: 0 | H87: 0 | I87: 0 | J87: 0 | K87: 0 | L87: 0 | M87: 0 | N87: 0 | O87: 0 | P87: 0 | Q87: 0 | R87: 0 | S87: 0 | T87: 0 | U87: 0 | V87: 0 | W87: 0 | DA87: FEC.ktoe.BE.ISI.EAF.FINISHING_STEAM.STEAM.LPG
A88: Diesel oil and liquid biofuels | B88: 0.045490619 | C88: 0.092041221 | D88: 0.16214307 | E88: 0.098149847 | F88: 0.075891331 | G88: 0.070679252 | H88: 0.070237211 | I88: 0.092341368 | J88: 0.10780013 | K88: 0.15042058 | L88: 0.15158995 | M88: 0.15034095 | N88: 0.1623338 | O88: 0.16225216 | P88: 0.13347144 | Q88: 0.15413085 | R88: 0.11495586 | S88: 0.1194703 | T88: 0.12436184 | U88: 0.115589 | V88: 0.10411273 | W88: 0.096017344 | DA88: FEC.ktoe.BE.ISI.EAF.FINISHING_STEAM.STEAM.DIESEL_LIQBIO
A89: Fuel oil | B89: 0.017426578 | C89: 0.075414136 | D89: 0.10261831 | E89: 0.050641285 | F89: 0.062781159 | G89: 0.045495996 | H89: 0.035315327 | I89: 0.12247719 | J89: 0.011425432 | K89: 0 | L89: 0 | M89: 0 | N89: 0.031432119 | O89: 0.021584658 | P89: 0.020685519 | Q89: 0.014463235 | R89: 0.012878199 | S89: 0.013783873 | T89: 0.011155461 | U89: 0.0085387382 | V89: 0.0082005816 | W89: 0.0076307803 | DA89: FEC.ktoe.BE.ISI.EAF.FINISHING_STEAM.STEAM.RFO
A90: Other liquids | B90: 17.691432 | C90: 1.6194 | D90: 0 | E90: 0.18246113 | F90: 0.086259012 | G90: 0.9606128 | H90: 0.10319593 | I90: 0 | J90: 0 | K90: 0 | L90: 0 | M90: 0 | N90: 0 | O90: 0 | P90: 0 | Q90: 0 | R90: 0 | S90: 0 | T90: 0.30816398 | U90: 0.38840882 | V90: 0.35546889 | W90: 0.42089575 | DA90: FEC.ktoe.BE.ISI.EAF.FINISHING_STEAM.STEAM.OTHER
A91: Natural gas and biogas | B91: 1.1625108 | C91: 2.4998857 | D91: 2.9239472 | E91: 2.7365003 | F91: 2.8307141 | G91: 2.5170196 | H91: 2.9733616 | I91: 4.2126074 | J91: 3.689605 | K91: 3.2400328 | L91: 3.5605542 | M91: 3.415266 | N91: 3.3340293 | O91: 2.7689301 | P91: 2.7147068 | Q91: 3.100614 | R91: 2.8525646 | S91: 3.0046318 | T91: 3.3410967 | U91: 3.1046312 | V91: 2.8761407 | W91: 2.6487829 | DA91: FEC.ktoe.BE.ISI.EAF.FINISHING_STEAM.STEAM.NG_BIOGAS
... A95: Steel: Product finishing - Electric | B95: 7.9629552 | C95: 8.7344346 | D95: 9.0840308 | E95: 9.344413 | F95: 7.8205562 | G95: 7.2574104 | H95: 9.4545495 | I95: 10.406693 | J95: 8.6384826 | K95: 7.8926342 | L95: 8.622895 | M95: 8.0289215 | N95: 8.1018618 | O95: 7.4378451 | P95: 6.6948606 | Q95: 6.8915323 | R95: 6.1430684 | S95: 6.4121692 | T95: 6.9432518 | U95: 5.790846 | V95: 5.6824951 | W95: 6.3483713 | DA95: FEC.ktoe.BE.ISI.EAF.FINISHING.ELEC.ELEC
A98: Market shares of energy uses by subsector (%)
A100: Integrated steelworks | B100: =SUM(B$101:B$105,B$109:B$110,B$112:B$114,B$107,B$106) -> 1 | C100: =SUM(C$101:C$105,C$109:C$110,C$112:C$114,C$107,C$106) -> 1 | D100: =SUM(D$101:D$105,D$109:D$110,D$112:D$114,D$107,D$106) -> 1 | E100: =SUM(E$101:E$105,E$109:E$110,E$112:E$114,E$107,E$106) -> 1 | F100: =SUM(F$101:F$105,F$109:F$110,F$112:F$114,F$107,F$106) -> 1 | G100: =SUM(G$101:G$105,G$109:G$110,G$112:G$114,G$107,G$106) -> 1 | H100: =SUM(H$101:H$105,H$109:H$110,H$112:H$114,H$107,H$106) -> 1 | I100: =SUM(I$101:I$105,I$109:I$110,I$112:I$114,I$107,I$106) -> 1 | ... W100: =SUM(W$101:W$105,W$109:W$110,W$112:W$114,W$107,W$106) -> 1
A101: Lighting | B101: =IF(B$6=0,0,B$6/B$5) -> 0.0023309557 | C101: =IF(C$6=0,0,C$6/C$5) -> 0.0023649651 | D101: =IF(D$6=0,0,D$6/D$5) -> 0.002328538 | E101: =IF(E$6=0,0,E$6/E$5) -> 0.0022383683 | F101: =IF(F$6=0,0,F$6/F$5) -> 0.0024136134 | G101: =IF(G$6=0,0,G$6/G$5) -> 0.0024971728 | H101: =IF(H$6=0,0,H$6/H$5) -> 0.0027151872 | I101: =IF(I$6=0,0,I$6/I$5) -> 0.0027537623 | ... W101: =IF(W$6=0,0,W$6/W$5) -> 0.002904558
A102: Air compressors | B102: =IF(B$7=0,0,B$7/B$5) -> 0.0012431763 | C102: =IF(C$7=0,0,C$7/C$5) -> 0.0012613147 | D102: =IF(D$7=0,0,D$7/D$5) -> 0.0012418869 | E102: =IF(E$7=0,0,E$7/E$5) -> 0.0011937964 | F102: =IF(F$7=0,0,F$7/F$5) -> 0.0012872605 | G102: =IF(G$7=0,0,G$7/G$5) -> 0.0013318255 | H102: =IF(H$7=0,0,H$7/H$5) -> 0.0014480998 | I102: =IF(I$7=0,0,I$7/I$5) -> 0.0014686732 | ... W102: =IF(W$7=0,0,W$7/W$5) -> 0.0015490976
A103: Motor drives | B103: =IF(B$8=0,0,B$8/B$5) -> 0.031079409 | C103: =IF(C$8=0,0,C$8/C$5) -> 0.031532868 | D103: =IF(D$8=0,0,D$8/D$5) -> 0.031047174 | E103: =IF(E$8=0,0,E$8/E$5) -> 0.029844911 | F103: =IF(F$8=0,0,F$8/F$5) -> 0.032181512 | G103: =IF(G$8=0,0,G$8/G$5) -> 0.033295638 | H103: =IF(H$8=0,0,H$8/H$5) -> 0.036202496 | I103: =IF(I$8=0,0,I$8/I$5) -> 0.036716831 | ... W103: =IF(W$8=0,0,W$8/W$5) -> 0.038727439
A104: Fans and pumps | B104: =IF(B$9=0,0,B$9/B$5) -> 0.00077698522 | C104: =IF(C$9=0,0,C$9/C$5) -> 0.0007883217 | D104: =IF(D$9=0,0,D$9/D$5) -> 0.00077617934 | E104: =IF(E$9=0,0,E$9/E$5) -> 0.00074612277 | F104: =IF(F$9=0,0,F$9/F$5) -> 0.00080453781 | G104: =IF(G$9=0,0,G$9/G$5) -> 0.00083239094 | H104: =IF(H$9=0,0,H$9/H$5) -> 0.0009050624 | I104: =IF(I$9=0,0,I$9/I$5) -> 0.00091792077 | ... W104: =IF(W$9=0,0,W$9/W$5) -> 0.00096818599
A105: Low-enthalpy heat | B105: =IF(B$10=0,0,B$10/B$5) -> 0.0016037398 | C105: =IF(C$10=0,0,C$10/C$5) -> 0.0016303603 | D105: =IF(D$10=0,0,D$10/D$5) -> 0.0016180859 | E105: =IF(E$10=0,0,E$10/E$5) -> 0.0015601502 | F105: =IF(F$10=0,0,F$10/F$5) -> 0.0016728558 | G105: =IF(G$10=0,0,G$10/G$5) -> 0.0017150921 | H105: =IF(H$10=0,0,H$10/H$5) -> 0.0018153084 | I105: =IF(I$10=0,0,I$10/I$5) -> 0.0018427096 | ... W105: =IF(W$10=0,0,W$10/W$5) -> 0.0021552593
A106: Steel: Sinter/Pellet-making | B106: =IF(B$16=0,0,B$16/B$5) -> 0.17953896 | C106: =IF(C$16=0,0,C$16/C$5) -> 0.1870065 | D106: =IF(D$16=0,0,D$16/D$5) -> 0.18651637 | E106: =IF(E$16=0,0,E$16/E$5) -> 0.18750276 | F106: =IF(F$16=0,0,F$16/F$5) -> 0.19192066 | G106: =IF(G$16=0,0,G$16/G$5) -> 0.19228233 | H106: =IF(H$16=0,0,H$16/H$5) -> 0.19140708 | I106: =IF(I$16=0,0,I$16/I$5) -> 0.19254481 | ... W106: =IF(W$16=0,0,W$16/W$5) -> 0.1885022
A107: Steel: Blast /Basic oxygen furnace | B107: =IF(B$22=0,0,B$22/B$5) -> 0.34466151 | C107: =IF(C$22=0,0,C$22/C$5) -> 0.37635363 | D107: =IF(D$22=0,0,D$22/D$5) -> 0.38389231 | E107: =IF(E$22=0,0,E$22/E$5) -> 0.39647446 | F107: =IF(F$22=0,0,F$22/F$5) -> 0.36450658 | G107: =IF(G$22=0,0,G$22/G$5) -> 0.35151384 | H107: =IF(H$22=0,0,H$22/H$5) -> 0.32468242 | I107: =IF(I$22=0,0,I$22/I$5) -> 0.32638057 | ... W107: =IF(W$22=0,0,W$22/W$5) -> 0.31523437
A108: Steel: Furnaces, refining and rolling | B108: =IF(B$28=0,0,B$28/B$5) -> 0.26254023 | C108: =IF(C$28=0,0,C$28/C$5) -> 0.26710303 | D108: =IF(D$28=0,0,D$28/D$5) -> 0.26516956 | E108: =IF(E$28=0,0,E$28/E$5) -> 0.25548317 | F108: =IF(F$28=0,0,F$28/F$5) -> 0.27398183 | G108: =IF(G$28=0,0,G$28/G$5) -> 0.28081217 | H108: =IF(H$28=0,0,H$28/H$5) -> 0.29707557 | I108: =IF(I$28=0,0,I$28/I$5) -> 0.30172803 | ... W108: =IF(W$28=0,0,W$28/W$5) -> 0.31073686
A109: Steel: Furnaces, refining and rolling - Thermal | B109: =IF(B$29=0,0,B$29/B$5) -> 0.16153599 | C109: =IF(C$29=0,0,C$29/C$5) -> 0.15848159 | D109: =IF(D$29=0,0,D$29/D$5) -> 0.16101232 | E109: =IF(E$29=0,0,E$29/E$5) -> 0.15236673 | F109: =IF(F$29=0,0,F$29/F$5) -> 0.17377893 | G109: =IF(G$29=0,0,G$29/G$5) -> 0.17561009 | H109: =IF(H$29=0,0,H$29/H$5) -> 0.17032956 | I109: =IF(I$29=0,0,I$29/I$5) -> 0.17224457 | ... W109: =IF(W$29=0,0,W$29/W$5) -> 0.1678513
A110: Steel: Furnaces, refining and rolling - Electric | B110: =IF(B$34=0,0,B$34/B$5) -> 0.10100424 | C110: =IF(C$34=0,0,C$34/C$5) -> 0.10862143 | D110: =IF(D$34=0,0,D$34/D$5) -> 0.10415724 | E110: =IF(E$34=0,0,E$34/E$5) -> 0.10311645 | F110: =IF(F$34=0,0,F$34/F$5) -> 0.1002029 | G110: =IF(G$34=0,0,G$34/G$5) -> 0.10520208 | H110: =IF(H$34=0,0,H$34/H$5) -> 0.12674601 | I110: =IF(I$34=0,0,I$34/I$5) -> 0.12948345 | ... W110: =IF(W$34=0,0,W$34/W$5) -> 0.14288556
A111: Steel: Product finishing | B111: =IF(B$35=0,0,B$35/B$5) -> 0.17622503 | C111: =IF(C$35=0,0,C$35/C$5) -> 0.13195902 | D111: =IF(D$35=0,0,D$35/D$5) -> 0.1274099 | E111: =IF(E$35=0,0,E$35/E$5) -> 0.12495625 | F111: =IF(F$35=0,0,F$35/F$5) -> 0.13123116 | G111: =IF(G$35=0,0,G$35/G$5) -> 0.13571954 | H111: =IF(H$35=0,0,H$35/H$5) -> 0.14374877 | I111: =IF(I$35=0,0,I$35/I$5) -> 0.1356467 | ... W111: =IF(W$35=0,0,W$35/W$5) -> 0.13922203
A112: Steel: Product finishing - Thermal | B112: =IF(B$36=0,0,B$36/B$5) -> 0.051027824 | C112: =IF(C$36=0,0,C$36/C$5) -> 0.049713968 | D112: =IF(D$36=0,0,D$36/D$5) -> 0.050431828 | E112: =IF(E$36=0,0,E$36/E$5) -> 0.048037159 | F112: =IF(F$36=0,0,F$36/F$5) -> 0.054741912 | G112: =IF(G$36=0,0,G$36/G$5) -> 0.055408084 | H112: =IF(H$36=0,0,H$36/H$5) -> 0.053855766 | I112: =IF(I$36=0,0,I$36/I$5) -> 0.054040563 | ... W112: =IF(W$36=0,0,W$36/W$5) -> 0.053285287
A113: Steel: Product finishing - Steam | B113: =IF(B$40=0,0,B$40/B$5) -> 0.092830564 | C113: =IF(C$40=0,0,C$40/C$5) -> 0.047180283 | D113: =IF(D$40=0,0,D$40/D$5) -> 0.04326943 | E113: =IF(E$40=0,0,E$40/E$5) -> 0.043828442 | F113: =IF(F$40=0,0,F$40/F$5) -> 0.044242655 | G113: =IF(G$40=0,0,G$40/G$5) -> 0.046534754 | H113: =IF(H$40=0,0,H$40/H$5) -> 0.049352729 | I113: =IF(I$40=0,0,I$40/I$5) -> 0.039825803 | ... W113: =IF(W$40=0,0,W$40/W$5) -> 0.040450858
A114: Steel: Product finishing - Electric | B114: =IF(B$51=0,0,B$51/B$5) -> 0.032366647 | C114: =IF(C$51=0,0,C$51/C$5) -> 0.035064765 | D114: =IF(D$51=0,0,D$51/D$5) -> 0.033708641 | E114: =IF(E$51=0,0,E$51/E$5) -> 0.033090653 | F114: =IF(F$51=0,0,F$51/F$5) -> 0.032246589 | G114: =IF(G$51=0,0,G$51/G$5) -> 0.033776705 | H114: =IF(H$51=0,0,H$51/H$5) -> 0.040540271 | I114: =IF(I$51=0,0,I$51/I$5) -> 0.041780335 | ... W114: =IF(W$51=0,0,W$51/W$5) -> 0.045485884
A117: Electric arc | B117: =SUM(B$118:B$122,B$126:B$127,B$129:B$131,B$124,B$123) -> 1 | C117: =SUM(C$118:C$122,C$126:C$127,C$129:C$131,C$124,C$123) -> 1 | D117: =SUM(D$118:D$122,D$126:D$127,D$129:D$131,D$124,D$123) -> 1 | E117: =SUM(E$118:E$122,E$126:E$127,E$129:E$131,E$124,E$123) -> 1 | F117: =SUM(F$118:F$122,F$126:F$127,F$129:F$131,F$124,F$123) -> 1 | G117: =SUM(G$118:G$122,G$126:G$127,G$129:G$131,G$124,G$123) -> 1 | H117: =SUM(H$118:H$122,H$126:H$127,H$129:H$131,H$124,H$123) -> 1 | I117: =SUM(I$118:I$122,I$126:I$127,I$129:I$131,I$124,I$123) -> 1 | ... W117: =SUM(W$118:W$122,W$126:W$127,W$129:W$131,W$124,W$123) -> 1
A118: Lighting | B118: =IF(B$55=0,0,B$55/B$54) -> 0.0022790782 | C118: =IF(C$55=0,0,C$55/C$54) -> 0.0023544777 | D118: =IF(D$55=0,0,D$55/D$54) -> 0.0023475429 | E118: =IF(E$55=0,0,E$55/E$54) -> 0.0023254274 | F118: =IF(F$55=0,0,F$55/F$54) -> 0.0023574424 | G118: =IF(G$55=0,0,G$55/G$54) -> 0.0023766985 | H118: =IF(H$55=0,0,H$55/H$54) -> 0.0024366892 | I118: =IF(I$55=0,0,I$55/I$54) -> 0.0024557029 | ... W118: =IF(W$55=0,0,W$55/W$54) -> 0.002510932
A119: Air compressors | B119: =IF(B$56=0,0,B$56/B$54) -> 0.0016839973 | C119: =IF(C$56=0,0,C$56/C$54) -> 0.0017397095 | D119: =IF(D$56=0,0,D$56/D$54) -> 0.0017345854 | E119: =IF(E$56=0,0,E$56/E$54) -> 0.0017182444 | F119: =IF(F$56=0,0,F$56/F$54) -> 0.0017419001 | G119: =IF(G$56=0,0,G$56/G$54) -> 0.0017561284 | H119: =IF(H$56=0,0,H$56/H$54) -> 0.0018004551 | I119: =IF(I$56=0,0,I$56/I$54) -> 0.0018145042 | ... W119: =IF(W$56=0,0,W$56/W$54) -> 0.0018553127
A120: Motor drives | B120: =IF(B$57=0,0,B$57/B$54) -> 0.042099932 | C120: =IF(C$57=0,0,C$57/C$54) -> 0.043492738 | D120: =IF(D$57=0,0,D$57/D$54) -> 0.043364636 | E120: =IF(E$57=0,0,E$57/E$54) -> 0.042956111 | F120: =IF(F$57=0,0,F$57/F$54) -> 0.043547503 | G120: =IF(G$57=0,0,G$57/G$54) -> 0.043903209 | H120: =IF(H$57=0,0,H$57/H$54) -> 0.045011377 | I120: =IF(I$57=0,0,I$57/I$54) -> 0.045362605 | ... W120: =IF(W$57=0,0,W$57/W$54) -> 0.046382816
A121: Fans and pumps | B121: =IF(B$58=0,0,B$58/B$54) -> 0.0010524983 | C121: =IF(C$58=0,0,C$58/C$54) -> 0.0010873184 | D121: =IF(D$58=0,0,D$58/D$54) -> 0.0010841159 | E121: =IF(E$58=0,0,E$58/E$54) -> 0.0010739028 | F121: =IF(F$58=0,0,F$58/F$54) -> 0.0010886876 | G121: =IF(G$58=0,0,G$58/G$54) -> 0.0010975802 | H121: =IF(H$58=0,0,H$58/H$54) -> 0.0011252844 | I121: =IF(I$58=0,0,I$58/I$54) -> 0.0011340651 | ... W121: =IF(W$58=0,0,W$58/W$54) -> 0.0011595704
A122: Low-enthalpy heat | B122: =IF(B$59=0,0,B$59/B$54) -> 0.0015680472 | C122: =IF(C$59=0,0,C$59/C$54) -> 0.0016231304 | D122: =IF(D$59=0,0,D$59/D$54) -> 0.0016312923 | E122: =IF(E$59=0,0,E$59/E$54) -> 0.0016208307 | F122: =IF(F$59=0,0,F$59/F$54) -> 0.0016339241 | G122: =IF(G$59=0,0,G$59/G$54) -> 0.0016323487 | H122: =IF(H$59=0,0,H$59/H$54) -> 0.0016291114 | I122: =IF(I$59=0,0,I$59/I$54) -> 0.0016432599 | ... W122: =IF(W$59=0,0,W$59/W$54) -> 0.0018631783
A123: Steel: Smelters | B123: =IF(B$65=0,0,B$65/B$54) -> 0.11025801 | C123: =IF(C$65=0,0,C$65/C$54) -> 0.11806618 | D123: =IF(D$65=0,0,D$65/D$54) -> 0.11942545 | E123: =IF(E$65=0,0,E$65/E$54) -> 0.12468655 | F123: =IF(F$65=0,0,F$65/F$54) -> 0.11767488 | G123: =IF(G$65=0,0,G$65/G$54) -> 0.11433212 | H123: =IF(H$65=0,0,H$65/H$54) -> 0.10599697 | I123: =IF(I$65=0,0,I$65/I$54) -> 0.10587855 | ... W123: =IF(W$65=0,0,W$65/W$54) -> 0.098110328
A124: Steel: Electric arc | B124: =IF(B$71=0,0,B$71/B$54) -> 0.31267862 | C124: =IF(C$71=0,0,C$71/C$54) -> 0.32302307 | D124: =IF(D$71=0,0,D$71/D$54) -> 0.32207165 | E124: =IF(E$71=0,0,E$71/E$54) -> 0.31903752 | F124: =IF(F$71=0,0,F$71/F$54) -> 0.32342982 | G124: =IF(G$71=0,0,G$71/G$54) -> 0.32607167 | H124: =IF(H$71=0,0,H$71/H$54) -> 0.3343021 | I124: =IF(I$71=0,0,I$71/I$54) -> 0.33691069 | ... W124: =IF(W$71=0,0,W$71/W$54) -> 0.34448785
A125: Steel: Furnaces, refining and rolling | B125: =IF(B$72=0,0,B$72/B$54) -> 0.38668866 | C125: =IF(C$72=0,0,C$72/C$54) -> 0.40057977 | D125: =IF(D$72=0,0,D$72/D$54) -> 0.40271169 | E125: =IF(E$72=0,0,E$72/E$54) -> 0.39982864 | F125: =IF(F$72=0,0,F$72/F$54) -> 0.40312107 | G125: =IF(G$72=0,0,G$72/G$54) -> 0.40260743 | H125: =IF(H$72=0,0,H$72/H$54) -> 0.40161291 | I125: =IF(I$72=0,0,I$72/I$54) -> 0.40532686 | ... W125: =IF(W$72=0,0,W$72/W$54) -> 0.40465791
A126: Steel: Furnaces, refining and rolling - Thermal | B126: =IF(B$73=0,0,B$73/B$54) -> 0.23792215 | C126: =IF(C$73=0,0,C$73/C$54) -> 0.23767803 | D126: =IF(D$73=0,0,D$73/D$54) -> 0.24452861 | E126: =IF(E$73=0,0,E$73/E$54) -> 0.23845242 | F126: =IF(F$73=0,0,F$73/F$54) -> 0.25568831 | G126: =IF(G$73=0,0,G$73/G$54) -> 0.25177657 | H126: =IF(H$73=0,0,H$73/H$54) -> 0.23026649 | I126: =IF(I$73=0,0,I$73/I$54) -> 0.23138504 | ... W126: =IF(W$73=0,0,W$73/W$54) -> 0.2185848
A127: Steel: Furnaces, refining and rolling - Electric | B127: =IF(B$78=0,0,B$78/B$54) -> 0.14876651 | C127: =IF(C$78=0,0,C$78/C$54) -> 0.16290175 | D127: =IF(D$78=0,0,D$78/D$54) -> 0.15818308 | E127: =IF(E$78=0,0,E$78/E$54) -> 0.16137622 | F127: =IF(F$78=0,0,F$78/F$54) -> 0.14743277 | G127: =IF(G$78=0,0,G$78/G$54) -> 0.15083086 | H127: =IF(H$78=0,0,H$78/H$54) -> 0.17134641 | I127: =IF(I$78=0,0,I$78/I$54) -> 0.17394182 | ... W127: =IF(W$78=0,0,W$78/W$54) -> 0.1860731
A128: Steel: Product finishing | B128: =IF(B$79=0,0,B$79/B$54) -> 0.14169116 | C128: =IF(C$79=0,0,C$79/C$54) -> 0.1080336 | D128: =IF(D$79=0,0,D$79/D$54) -> 0.10562903 | E128: =IF(E$79=0,0,E$79/E$54) -> 0.10675277 | F128: =IF(F$79=0,0,F$79/F$54) -> 0.10540477 | G128: =IF(G$79=0,0,G$79/G$54) -> 0.10622282 | H128: =IF(H$79=0,0,H$79/H$54) -> 0.10608511 | I128: =IF(I$79=0,0,I$79/I$54) -> 0.099473763 | ... W128: =IF(W$79=0,0,W$79/W$54) -> 0.098972103
A129: Steel: Product finishing - Thermal | B129: =IF(B$80=0,0,B$80/B$54) -> 0.041028175 | C129: =IF(C$80=0,0,C$80/C$54) -> 0.040700357 | D129: =IF(D$80=0,0,D$80/D$54) -> 0.041810451 | E129: =IF(E$80=0,0,E$80/E$54) -> 0.041039162 | F129: =IF(F$80=0,0,F$80/F$54) -> 0.043968665 | G129: =IF(G$80=0,0,G$80/G$54) -> 0.04336592 | H129: =IF(H$80=0,0,H$80/H$54) -> 0.039745 | I129: =IF(I$80=0,0,I$80/I$54) -> 0.039629553 | ... W129: =IF(W$80=0,0,W$80/W$54) -> 0.03788019
A130: Steel: Product finishing - Steam | B130: =IF(B$84=0,0,B$84/B$54) -> 0.074639056 | C130: =IF(C$84=0,0,C$84/C$54) -> 0.038626052 | D130: =IF(D$84=0,0,D$84/D$54) -> 0.035872473 | E130: =IF(E$84=0,0,E$84/E$54) -> 0.037443566 | F130: =IF(F$84=0,0,F$84/F$54) -> 0.035535669 | G130: =IF(G$84=0,0,G$84/G$54) -> 0.036421084 | H130: =IF(H$84=0,0,H$84/H$54) -> 0.036421805 | I130: =IF(I$84=0,0,I$84/I$54) -> 0.029205447 | ... W130: =IF(W$84=0,0,W$84/W$54) -> 0.028756272
A131: Steel: Product finishing - Electric | B131: =IF(B$95=0,0,B$95/B$54) -> 0.026023929 | C131: =IF(C$95=0,0,C$95/C$54) -> 0.028707192 | D131: =IF(D$95=0,0,D$95/D$54) -> 0.027946112 | E131: =IF(E$95=0,0,E$95/E$54) -> 0.028270046 | F131: =IF(F$95=0,0,F$95/F$54) -> 0.025900437 | G131: =IF(G$95=0,0,G$95/G$54) -> 0.026435816 | H131: =IF(H$95=0,0,H$95/H$54) -> 0.029918302 | I131: =IF(I$95=0,0,I$95/I$54) -> 0.030638763 | ... W131: =IF(W$95=0,0,W$95/W$54) -> 0.032335641
A134: Energy intensity (kgoe per t of output)
A136: Integrated steelworks | B136: =SUM(B$137:B$145) -> 236.01854 | C136: =SUM(C$137:C$145) -> 232.77309 | D136: =SUM(D$137:D$145) -> 233.03591 | E136: =SUM(E$137:E$145) -> 250.73929 | F136: =SUM(F$137:F$145) -> 216.3318 | G136: =SUM(G$137:G$145) -> 214.2113 | H136: =SUM(H$137:H$145) -> 182.82285 | I136: =SUM(I$137:I$145) -> 193.92143 | ... W136: =SUM(W$137:W$145) -> 177.96038
A137: Lighting | B137: =IF(B$6=0,0,B$6/ISI!B$8*1000) -> 0.55014875 | C137: =IF(C$6=0,0,C$6/ISI!C$8*1000) -> 0.55050022 | D137: =IF(D$6=0,0,D$6/ISI!D$8*1000) -> 0.54263299 | E137: =IF(E$6=0,0,E$6/ISI!E$8*1000) -> 0.56124688 | F137: =IF(F$6=0,0,F$6/ISI!F$8*1000) -> 0.52214134 | G137: =IF(G$6=0,0,G$6/ISI!G$8*1000) -> 0.53492264 | H137: =IF(H$6=0,0,H$6/ISI!H$8*1000) -> 0.49639828 | I137: =IF(I$6=0,0,I$6/ISI!I$8*1000) -> 0.53401353 | ... W137: =IF(W$6=0,0,W$6/ISI!W$8*1000) -> 0.51689623
A138: Air compressors | B138: =IF(B$7=0,0,B$7/ISI!B$8*1000) -> 0.29341267 | C138: =IF(C$7=0,0,C$7/ISI!C$8*1000) -> 0.29360012 | D138: =IF(D$7=0,0,D$7/ISI!D$8*1000) -> 0.28940426 | E138: =IF(E$7=0,0,E$7/ISI!E$8*1000) -> 0.29933167 | F138: =IF(F$7=0,0,F$7/ISI!F$8*1000) -> 0.27847538 | G138: =IF(G$7=0,0,G$7/ISI!G$8*1000) -> 0.28529207 | H138: =IF(H$7=0,0,H$7/ISI!H$8*1000) -> 0.26474575 | I138: =IF(I$7=0,0,I$7/ISI!I$8*1000) -> 0.28480722 | ... W138: =IF(W$7=0,0,W$7/ISI!W$8*1000) -> 0.27567799
A139: Motor drives | B139: =IF(B$8=0,0,B$8/ISI!B$8*1000) -> 7.3353167 | C139: =IF(C$8=0,0,C$8/ISI!C$8*1000) -> 7.340003 | D139: =IF(D$8=0,0,D$8/ISI!D$8*1000) -> 7.2351065 | E139: =IF(E$8=0,0,E$8/ISI!E$8*1000) -> 7.4832917 | F139: =IF(F$8=0,0,F$8/ISI!F$8*1000) -> 6.9618845 | G139: =IF(G$8=0,0,G$8/ISI!G$8*1000) -> 7.1323018 | H139: =IF(H$8=0,0,H$8/ISI!H$8*1000) -> 6.6186437 | I139: =IF(I$8=0,0,I$8/ISI!I$8*1000) -> 7.1201804 | ... W139: =IF(W$8=0,0,W$8/ISI!W$8*1000) -> 6.8919498
A140: Fans and pumps | B140: =IF(B$9=0,0,B$9/ISI!B$8*1000) -> 0.18338292 | C140: =IF(C$9=0,0,C$9/ISI!C$8*1000) -> 0.18350007 | D140: =IF(D$9=0,0,D$9/ISI!D$8*1000) -> 0.18087766 | E140: =IF(E$9=0,0,E$9/ISI!E$8*1000) -> 0.18708229 | F140: =IF(F$9=0,0,F$9/ISI!F$8*1000) -> 0.17404711 | G140: =IF(G$9=0,0,G$9/ISI!G$8*1000) -> 0.17830755 | H140: =IF(H$9=0,0,H$9/ISI!H$8*1000) -> 0.16546609 | I140: =IF(I$9=0,0,I$9/ISI!I$8*1000) -> 0.17800451 | ... W140: =IF(W$9=0,0,W$9/ISI!W$8*1000) -> 0.17229874
A141: Low-enthalpy heat | B141: =IF(B$10=0,0,B$10/ISI!B$8*1000) -> 0.37851233 | C141: =IF(C$10=0,0,C$10/ISI!C$8*1000) -> 0.37950399 | D141: =IF(D$10=0,0,D$10/ISI!D$8*1000) -> 0.37707214 | E141: =IF(E$10=0,0,E$10/ISI!E$8*1000) -> 0.39119096 | F141: =IF(F$10=0,0,F$10/ISI!F$8*1000) -> 0.3618919 | G141: =IF(G$10=0,0,G$10/ISI!G$8*1000) -> 0.3673921 | H141: =IF(H$10=0,0,H$10/ISI!H$8*1000) -> 0.33187987 | I141: =IF(I$10=0,0,I$10/ISI!I$8*1000) -> 0.35734088 | ... W141: =IF(W$10=0,0,W$10/ISI!W$8*1000) -> 0.38355076
A142: Steel: Sinter/Pellet-making | B142: =IF(B$16=0,0,B$16/ISI!B$8*1000) -> 42.374523 | C142: =IF(C$16=0,0,C$16/ISI!C$8*1000) -> 43.530079 | D142: =IF(D$16=0,0,D$16/ISI!D$8*1000) -> 43.465012 | E142: =IF(E$16=0,0,E$16/ISI!E$8*1000) -> 47.01431 | F142: =IF(F$16=0,0,F$16/ISI!F$8*1000) -> 41.518541 | G142: =IF(G$16=0,0,G$16/ISI!G$8*1000) -> 41.189048 | H142: =IF(H$16=0,0,H$16/ISI!H$8*1000) -> 34.993589 | I142: =IF(I$16=0,0,I$16/ISI!I$8*1000) -> 37.338565 | ... W142: =IF(W$16=0,0,W$16/ISI!W$8*1000) -> 33.545923
A143: Steel: Blast /Basic oxygen furnace | B143: =IF(B$22=0,0,B$22/ISI!B$8*1000) -> 81.346507 | C143: =IF(C$22=0,0,C$22/ISI!C$8*1000) -> 87.604996 | D143: =IF(D$22=0,0,D$22/ISI!D$8*1000) -> 89.460696 | E143: =IF(E$22=0,0,E$22/ISI!E$8*1000) -> 99.411724 | F143: =IF(F$22=0,0,F$22/ISI!F$8*1000) -> 78.854364 | G143: =IF(G$22=0,0,G$22/ISI!G$8*1000) -> 75.298235 | H143: =IF(H$22=0,0,H$22/ISI!H$8*1000) -> 59.359368 | I143: =IF(I$22=0,0,I$22/ISI!I$8*1000) -> 63.292188 | ... W143: =IF(W$22=0,0,W$22/ISI!W$8*1000) -> 56.099228
A144: Steel: Furnaces, refining and rolling | B144: =IF(B$28=0,0,B$28/ISI!B$8*1000) -> 61.964361 | C144: =IF(C$28=0,0,C$28/ISI!C$8*1000) -> 62.174396 | D144: =IF(D$28=0,0,D$28/ISI!D$8*1000) -> 61.794031 | E144: =IF(E$28=0,0,E$28/ISI!E$8*1000) -> 64.059669 | F144: =IF(F$28=0,0,F$28/ISI!F$8*1000) -> 59.270982 | G144: =IF(G$28=0,0,G$28/ISI!G$8*1000) -> 60.153139 | H144: =IF(H$28=0,0,H$28/ISI!H$8*1000) -> 54.312204 | I144: =IF(I$28=0,0,I$28/ISI!I$8*1000) -> 58.511531 | ... W144: =IF(W$28=0,0,W$28/ISI!W$8*1000) -> 55.298848
A145: Steel: Product finishing | B145: =IF(B$35=0,0,B$35/ISI!B$8*1000) -> 41.592375 | C145: =IF(C$35=0,0,C$35/ISI!C$8*1000) -> 30.716507 | D145: =IF(D$35=0,0,D$35/ISI!D$8*1000) -> 29.691082 | E145: =IF(E$35=0,0,E$35/ISI!E$8*1000) -> 31.331442 | F145: =IF(F$35=0,0,F$35/ISI!F$8*1000) -> 28.389472 | G145: =IF(G$35=0,0,G$35/ISI!G$8*1000) -> 29.07266 | H145: =IF(H$35=0,0,H$35/ISI!H$8*1000) -> 26.28056 | I145: =IF(I$35=0,0,I$35/ISI!I$8*1000) -> 26.304803 | ... W145: =IF(W$35=0,0,W$35/ISI!W$8*1000) -> 24.776005
A147: Electric arc | B147: =SUM(B$148:B$152,B$155,B$156,B$154,B$153) -> 112.24721 | C147: =SUM(C$148:C$152,C$155,C$156,C$154,C$153) -> 111.00308 | D147: =SUM(D$148:D$152,D$155,D$156,D$154,D$153) -> 111.10403 | E147: =SUM(E$148:E$152,E$155,E$156,E$154,E$153) -> 117.85397 | F147: =SUM(F$148:F$152,F$155,F$156,F$154,F$153) -> 104.64457 | G147: =SUM(G$148:G$152,G$155,G$156,G$154,G$153) -> 103.81772 | H147: =SUM(H$148:H$152,H$155,H$156,H$154,H$153) -> 91.377305 | I147: =SUM(I$148:I$152,I$155,I$156,I$154,I$153) -> 95.8267 | ... W147: =SUM(W$148:W$152,W$155,W$156,W$154,W$153) -> 89.355306
A148: Lighting | B148: =IF(B$55=0,0,B$55/ISI!B$9*1000) -> 0.25582017 | C148: =IF(C$55=0,0,C$55/ISI!C$9*1000) -> 0.26135428 | D148: =IF(D$55=0,0,D$55/ISI!D$9*1000) -> 0.26082146 | E148: =IF(E$55=0,0,E$55/ISI!E$9*1000) -> 0.27406084 | F148: =IF(F$55=0,0,F$55/ISI!F$9*1000) -> 0.24669354 | G148: =IF(G$55=0,0,G$55/ISI!G$9*1000) -> 0.24674343 | H148: =IF(H$55=0,0,H$55/ISI!H$9*1000) -> 0.22265809 | I148: =IF(I$55=0,0,I$55/ISI!I$9*1000) -> 0.2353219 | ... W148: =IF(W$55=0,0,W$55/ISI!W$9*1000) -> 0.22436509
A149: Air compressors | B149: =IF(B$56=0,0,B$56/ISI!B$9*1000) -> 0.189024 | C149: =IF(C$56=0,0,C$56/ISI!C$9*1000) -> 0.19311312 | D149: =IF(D$56=0,0,D$56/ISI!D$9*1000) -> 0.19271942 | E149: =IF(E$56=0,0,E$56/ISI!E$9*1000) -> 0.20250192 | F149: =IF(F$56=0,0,F$56/ISI!F$9*1000) -> 0.18228039 | G149: =IF(G$56=0,0,G$56/ISI!G$9*1000) -> 0.18231725 | H149: =IF(H$56=0,0,H$56/ISI!H$9*1000) -> 0.16452073 | I149: =IF(I$56=0,0,I$56/ISI!I$9*1000) -> 0.17387795 | ... W149: =IF(W$56=0,0,W$56/ISI!W$9*1000) -> 0.16578203
A150: Motor drives | B150: =IF(B$57=0,0,B$57/ISI!B$9*1000) -> 4.7256 | C150: =IF(C$57=0,0,C$57/ISI!C$9*1000) -> 4.8278281 | D150: =IF(D$57=0,0,D$57/ISI!D$9*1000) -> 4.8179856 | E150: =IF(E$57=0,0,E$57/ISI!E$9*1000) -> 5.062548 | F150: =IF(F$57=0,0,F$57/ISI!F$9*1000) -> 4.5570097 | G150: =IF(G$57=0,0,G$57/ISI!G$9*1000) -> 4.5579313 | H150: =IF(H$57=0,0,H$57/ISI!H$9*1000) -> 4.1130183 | I150: =IF(I$57=0,0,I$57/ISI!I$9*1000) -> 4.3469488 | ... W150: =IF(W$57=0,0,W$57/ISI!W$9*1000) -> 4.1445507
A151: Fans and pumps | B151: =IF(B$58=0,0,B$58/ISI!B$9*1000) -> 0.11814 | C151: =IF(C$58=0,0,C$58/ISI!C$9*1000) -> 0.1206957 | D151: =IF(D$58=0,0,D$58/ISI!D$9*1000) -> 0.12044964 | E151: =IF(E$58=0,0,E$58/ISI!E$9*1000) -> 0.1265637 | F151: =IF(F$58=0,0,F$58/ISI!F$9*1000) -> 0.11392524 | G151: =IF(G$58=0,0,G$58/ISI!G$9*1000) -> 0.11394828 | H151: =IF(H$58=0,0,H$58/ISI!H$9*1000) -> 0.10282546 | I151: =IF(I$58=0,0,I$58/ISI!I$9*1000) -> 0.10867372 | ... W151: =IF(W$58=0,0,W$58/ISI!W$9*1000) -> 0.10361377
A152: Low-enthalpy heat | B152: =IF(B$59=0,0,B$59/ISI!B$9*1000) -> 0.17600892 | C152: =IF(C$59=0,0,C$59/ISI!C$9*1000) -> 0.18017249 | D152: =IF(D$59=0,0,D$59/ISI!D$9*1000) -> 0.18124314 | E152: =IF(E$59=0,0,E$59/ISI!E$9*1000) -> 0.19102133 | F152: =IF(F$59=0,0,F$59/ISI!F$9*1000) -> 0.17098128 | G152: =IF(G$59=0,0,G$59/ISI!G$9*1000) -> 0.16946673 | H152: =IF(H$59=0,0,H$59/ISI!H$9*1000) -> 0.14886381 | I152: =IF(I$59=0,0,I$59/ISI!I$9*1000) -> 0.15746818 | ... W152: =IF(W$59=0,0,W$59/ISI!W$9*1000) -> 0.16648487
A153: Steel: Smelters | B153: =IF(B$65=0,0,B$65/ISI!B$9*1000) -> 12.376154 | C153: =IF(C$65=0,0,C$65/ISI!C$9*1000) -> 13.10571 | D153: =IF(D$65=0,0,D$65/ISI!D$9*1000) -> 13.268649 | E153: =IF(E$65=0,0,E$65/ISI!E$9*1000) -> 14.694804 | F153: =IF(F$65=0,0,F$65/ISI!F$9*1000) -> 12.314037 | G153: =IF(G$65=0,0,G$65/ISI!G$9*1000) -> 11.8697 | H153: =IF(H$65=0,0,H$65/ISI!H$9*1000) -> 9.6857174 | I153: =IF(I$65=0,0,I$65/ISI!I$9*1000) -> 10.145992 | ... W153: =IF(W$65=0,0,W$65/ISI!W$9*1000) -> 8.7666783
A154: Steel: Electric arc | B154: =IF(B$71=0,0,B$71/ISI!B$9*1000) -> 35.097304 | C154: =IF(C$71=0,0,C$71/ISI!C$9*1000) -> 35.856558 | D154: =IF(D$71=0,0,D$71/ISI!D$9*1000) -> 35.783457 | E154: =IF(E$71=0,0,E$71/ISI!E$9*1000) -> 37.599836 | F154: =IF(F$71=0,0,F$71/ISI!F$9*1000) -> 33.845174 | G154: =IF(G$71=0,0,G$71/ISI!G$9*1000) -> 33.852019 | H154: =IF(H$71=0,0,H$71/ISI!H$9*1000) -> 30.547625 | I154: =IF(I$71=0,0,I$71/ISI!I$9*1000) -> 32.285039 | ... W154: =IF(W$71=0,0,W$71/ISI!W$9*1000) -> 30.781818
A155: Steel: Furnaces, refining and rolling | B155: =IF(B$72=0,0,B$72/ISI!B$9*1000) -> 43.404724 | C155: =IF(C$72=0,0,C$72/ISI!C$9*1000) -> 44.46559 | D155: =IF(D$72=0,0,D$72/ISI!D$9*1000) -> 44.742889 | E155: =IF(E$72=0,0,E$72/ISI!E$9*1000) -> 47.121391 | F155: =IF(F$72=0,0,F$72/ISI!F$9*1000) -> 42.184431 | G155: =IF(G$72=0,0,G$72/ISI!G$9*1000) -> 41.797787 | H155: =IF(H$72=0,0,H$72/ISI!H$9*1000) -> 36.698305 | I155: =IF(I$72=0,0,I$72/ISI!I$9*1000) -> 38.841136 | ... W155: =IF(W$72=0,0,W$72/ISI!W$9*1000) -> 36.158331
A156: Steel: Product finishing | B156: =IF(B$79=0,0,B$79/ISI!B$9*1000) -> 15.904438 | C156: =IF(C$79=0,0,C$79/ISI!C$9*1000) -> 11.992063 | D156: =IF(D$79=0,0,D$79/ISI!D$9*1000) -> 11.735811 | E156: =IF(E$79=0,0,E$79/ISI!E$9*1000) -> 12.581238 | F156: =IF(F$79=0,0,F$79/ISI!F$9*1000) -> 11.030037 | G156: =IF(G$79=0,0,G$79/ISI!G$9*1000) -> 11.027811 | H156: =IF(H$79=0,0,H$79/ISI!H$9*1000) -> 9.6937712 | I156: =IF(I$79=0,0,I$79/ISI!I$9*1000) -> 9.5322424 | ... W156: =IF(W$79=0,0,W$79/ISI!W$9*1000) -> 8.8436825

Sheet ISI_ued
A1: =index!A$1&": Iron and steel / useful energy demand" -> BE: Iron and steel / useful energy demand | B1: 2000 | C1: 2001 | D1: 2002 | E1: 2003 | F1: 2004 | G1: 2005 | H1: 2006 | I1: 2007 | J1: 2008 | K1: 2009 | L1: 2010 | M1: 2011 | N1: 2012 | O1: 2013 | P1: 2014 | Q1: 2015 | R1: 2016 | S1: 2017 | T1: 2018 | U1: 2019 | V1: 2020 | W1: 2021 | DA1: Code
A3: Detailed split of useful energy demand by subsector (ktoe)
A5: Integrated steelworks | B5: 1137.1099 | C5: 1019.3951 | D5: 1069.7516 | E5: 1135.3044 | F5: 1037.5368 | G5: 906.23104 | H5: 832.66647 | I5: 772.13161 | J5: 756.87324 | K5: 416.37025 | L5: 545.014 | M5: 520.93846 | N5: 476.61244 | O5: 468.95312 | P5: 452.86386 | Q5: 461.62876 | R5: 475.79955 | S5: 488.60136 | T5: 492.55737 | U5: 464.14786 | V5: 463.21923 | W5: 471.14241 | DA5: UED.ktoe.BE.ISI.BF_BOF.TOTAL.TOTAL.TOTAL
A6: Lighting | B6: 2.3731876 | C6: 2.1377664 | D6: 2.2113347 | E6: 2.257785 | F6: 2.2277056 | G6: 2.013759 | H6: 1.9830743 | I6: 1.8657365 | J6: 1.8144101 | K6: 0.98442496 | L6: 1.36429 | M6: 1.3060938 | N6: 1.1961571 | O6: 1.1829111 | P6: 1.1519151 | Q6: 1.1784904 | R6: 1.2235564 | S6: 1.2488425 | T6: 1.245779 | U6: 1.169023 | V6: 1.1914186 | W6: 1.1906606 | DA6: UED.ktoe.BE.ISI.BF_BOF.LIGHT.GENERIC.ELEC
A7: Air compressors | B7: 0.32826495 | C7: 0.29570093 | D7: 0.30587707 | E7: 0.31230218 | F7: 0.30814153 | G7: 0.27854793 | H7: 0.27430355 | I7: 0.25807311 | J7: 0.25097351 | K7: 0.136168 | L7: 0.18871183 | M7: 0.180662 | N7: 0.1654553 | O7: 0.16362308 | P7: 0.15933563 | Q7: 0.16301159 | R7: 0.16924523 | S7: 0.17274286 | T7: 0.17231911 | U7: 0.16170205 | V7: 0.16479986 | W7: 0.164695 | DA7: UED.ktoe.BE.ISI.BF_BOF.AIRCOMP.GENERIC.ELEC
A8: Motor drives | B8: 45.329937 | C8: 40.833189 | D8: 42.238406 | E8: 43.125647 | F8: 42.551105 | G8: 38.46454 | H8: 37.878435 | I8: 35.637182 | J8: 34.656803 | K8: 18.803369 | L8: 26.059119 | M8: 24.947522 | N8: 22.847636 | O8: 22.594626 | P8: 22.002575 | Q8: 22.510186 | R8: 23.370986 | S8: 23.853972 | T8: 23.795457 | U8: 22.329352 | V8: 22.757127 | W8: 22.742647 | DA8: UED.ktoe.BE.ISI.BF_BOF.MOTOR.GENERIC.ELEC
A9: Fans and pumps | B9: 0.78300933 | C9: 0.70533448 | D9: 0.72960758 | E9: 0.7449334 | F9: 0.73500901 | G9: 0.66441949 | H9: 0.65429538 | I9: 0.61558095 | J9: 0.59864632 | K9: 0.32480109 | L9: 0.45013373 | M9: 0.43093248 | N9: 0.39465998 | O9: 0.3902896 | P9: 0.38006277 | Q9: 0.38883102 | R9: 0.4037001 | S9: 0.412043 | T9: 0.41103223 | U9: 0.38570737 | V9: 0.39309657 | W9: 0.39284646 | DA9: UED.ktoe.BE.ISI.BF_BOF.FANS.GENERIC.ELEC
A10: Low-enthalpy heat | B10: 2.532408 | C10: 2.2992762 | D10: 2.3881684 | E10: 2.4521436 | F10: 2.3867386 | G10: 2.141746 | H10: 2.0772921 | I10: 1.9591325 | J10: 1.9025134 | K10: 1.0498734 | L10: 1.4993934 | M10: 1.4432641 | N10: 1.3565285 | O10: 1.3706355 | P10: 1.4171598 | Q10: 1.5294208 | R10: 1.6788369 | S10: 1.7479857 | T10: 1.7183149 | U10: 1.6696624 | V10: 1.6993224 | W10: 1.4790845 | DA10: UED.ktoe.BE.ISI.BF_BOF.LOW_ENTH.TOTAL.TOTAL
A11: Diesel oil and liquid biofuels | B11: 0.048112703 | C11: 0.03924405 | D11: 0.061882214 | E11: 0.041259004 | F11: 0.032442654 | G11: 0.030013074 | H11: 0.022322946 | I11: 0.019314003 | J11: 0.026139494 | K11: 0.021351333 | L11: 0.023890618 | M11: 0.023852229 | N11: 0.023121623 | O11: 0.025268545 | P11: 0.020594894 | Q11: 0.021332661 | R11: 0.017470106 | S11: 0.017681655 | T11: 0.017434319 | U11: 0.017054065 | V11: 0.015772082 | W11: 0.016551118 | DA11: UED.ktoe.BE.ISI.BF_BOF.LOW_ENTH.THERM.DIESEL_LIQBIO
A12: Natural gas and biogas | B12: 1.3640493 | C12: 1.1825152 | D12: 1.2380328 | E12: 1.276203 | F12: 1.3425033 | G12: 1.1857695 | H12: 1.0484003 | I12: 0.97751205 | J12: 0.99255115 | K12: 0.51022565 | L12: 0.62254351 | M12: 0.60113411 | N12: 0.52683418 | O12: 0.4784063 | P12: 0.46471779 | Q12: 0.47610013 | R12: 0.48094461 | S12: 0.49334343 | T12: 0.51963938 | U12: 0.50817884 | V12: 0.48338198 | W12: 0.5065463 | DA12: UED.ktoe.BE.ISI.BF_BOF.LOW_ENTH.THERM.NG_BIOGAS
A13: Solar and geothermal | B13: 0 | C13: 0 | D13: 0 | E13: 0 | F13: 0 | G13: 0 | H13: 0 | I13: 0 | J13: 0 | K13: 0 | L13: 0 | M13: 0 | N13: 0 | O13: 0 | P13: 0 | Q13: 0 | R13: 0 | S13: 0 | T13: 0 | U13: 0 | V13: 0 | W13: 0 | DA13: UED.ktoe.BE.ISI.BF_BOF.LOW_ENTH.THERM.SOLAR_GEO
A14: Ambient heat | B14: 0 | C14: 0 | D14: 0 | E14: 0 | F14: 0 | G14: 0 | H14: 0 | I14: 0 | J14: 0 | K14: 0 | L14: 0.13243434 | M14: 0.14198395 | N14: 0.18087523 | O14: 0.23090475 | P14: 0.36344173 | Q14: 0.4945598 | R14: 0.65926931 | S14: 0.7172536 | T14: 0.66723354 | U14: 0.70737108 | V14: 0.73630008 | W14: 0.39767744 | DA14: UED.ktoe.BE.ISI.BF_BOF.LOW_ENTH.HP.AMBIENT
A15: Electricity | B15: 1.120246 | C15: 1.0775169 | D15: 1.0882534 | E15: 1.1346816 | F15: 1.0117926 | G15: 0.92596339 | H15: 1.0065689 | I15: 0.96230648 | J15: 0.8838228 | K15: 0.51829638 | L15: 0.72052489 | M15: 0.67629378 | N15: 0.62569744 | O15: 0.63605593 | P15: 0.56840536 | Q15: 0.53742823 | R15: 0.52115286 | S15: 0.51970698 | T15: 0.51400761 | U15: 0.43705841 | V15: 0.46386829 | W15: 0.55830961 | DA15: UED.ktoe.BE.ISI.BF_BOF.LOW_ENTH.THERM.ELEC
A16: Steel: Sinter/Pellet-making | B16: 182.30369 | C16: 167.8339 | D16: 175.42622 | E16: 185.74865 | F16: 174.88456 | G16: 153.57514 | H16: 142.37008 | I16: 133.37246 | J16: 130.88221 | K16: 71.823141 | L16: 94.219869 | M16: 90.066206 | N16: 82.413947 | O16: 80.950021 | P16: 78.21754 | Q16: 79.765587 | R16: 82.240849 | S16: 84.380377 | T16: 84.949019 | U16: 79.85891 | V16: 79.982369 | W16: 81.153964 | DA16: UED.ktoe.BE.ISI.BF_BOF.SINTERING.TOTAL.TOTAL
... A34: Steel: Furnaces, refining and rolling - Electric | B34: 134.20195 | C34: 128.13631 | D34: 129.08678 | E34: 135.73759 | F34: 120.69562 | G34: 110.71448 | H34: 120.80772 | I34: 114.48782 | J34: 106.5581 | K34: 62.592409 | L34: 90.272549 | M34: 85.103321 | N34: 79.651042 | O34: 82.455554 | P34: 77.145923 | Q34: 75.945967 | R34: 77.099247 | S34: 77.840093 | T34: 75.78903 | U34: 66.032262 | V34: 70.671562 | W34: 76.439428 | DA34: UED.ktoe.BE.ISI.BF_BOF.REFINING.ELEC.ELEC
A35: Steel: Product finishing | B35: =B36+B40+B51 -> 185.80791 | C35: =C36+C40+C51 -> 129.74645 | D35: =D36+D40+D51 -> 132.00139 | E35: =E36+E40+E51 -> 137.53432 | F35: =F36+F40+F51 -> 131.65301 | G35: =G36+G40+G51 -> 118.50626 | H35: =H36+H40+H51 -> 116.02972 | I35: =I36+I40+I51 -> 100.49284 | ... W35: =W36+W40+W51 -> 62.399426
A36: Steel: Product finishing - Thermal | B36: 51.69446 | C36: 44.722327 | D36: 47.601266 | E36: 48.224562 | F36: 50.319186 | G36: 44.495441 | H36: 39.182844 | I36: 36.477278 | J36: 37.283122 | K36: 19.462138 | L36: 24.551483 | M36: 23.84192 | N36: 21.321745 | O36: 19.870611 | P36: 20.043114 | Q36: 21.361577 | R36: 22.402649 | S36: 23.255762 | T36: 24.045253 | U36: 24.089459 | V36: 23.085353 | W36: 21.739188 | DA36: UED.ktoe.BE.ISI.BF_BOF.FINISHING.THERM.TOTAL
A37: LPG | B37: 0 | C37: 0 | D37: 0 | E37: 0 | F37: 0 | G37: 0 | H37: 0 | I37: 0 | J37: 0 | K37: 0 | L37: 0 | M37: 0 | N37: 0 | O37: 0 | P37: 0 | Q37: 0 | R37: 0 | S37: 0 | T37: 0 | U37: 0 | V37: 0 | W37: 0 | DA37: UED.ktoe.BE.ISI.BF_BOF.FINISHING.THERM.LPG
A38: Diesel oil and liquid biofuels | B38: 1.8029437 | C38: 1.4706056 | D38: 2.3189333 | E38: 1.5461127 | F38: 1.2157346 | G38: 1.1246901 | H38: 0.83651535 | I38: 0.7237602 | J38: 0.97953414 | K38: 0.80010576 | L38: 0.92878034 | M38: 0.93136304 | N38: 0.91746884 | O38: 1.0200766 | P38: 0.87051644 | Q38: 0.93759009 | R38: 0.80381575 | S38: 0.82369899 | T38: 0.79906202 | U38: 0.80072426 | V38: 0.74675851 | W38: 0.70416889 | DA38: UED.ktoe.BE.ISI.BF_BOF.FINISHING.THERM.DIESEL_LIQBIO
A39: Natural gas and biogas | B39: 49.891517 | C39: 43.251721 | D39: 45.282333 | E39: 46.67845 | F39: 49.103451 | G39: 43.370751 | H39: 38.346328 | I39: 35.753517 | J39: 36.303588 | K39: 18.662033 | L39: 23.622703 | M39: 22.910557 | N39: 20.404276 | O39: 18.850534 | P39: 19.172598 | Q39: 20.423986 | R39: 21.598833 | S39: 22.432063 | T39: 23.246191 | U39: 23.288735 | V39: 22.338595 | W39: 21.035019 | DA39: UED.ktoe.BE.ISI.BF_BOF.FINISHING.THERM.NG_BIOGAS
A40: Steel: Product finishing - Steam | B40: 93.291632 | C40: 45.759356 | D40: 44.744125 | E40: 47.961904 | F40: 44.464052 | G40: 40.268669 | H40: 40.167461 | I40: 28.949067 | J40: 28.637357 | K40: 15.748793 | L40: 19.760892 | M40: 18.8765 | N40: 17.242987 | O40: 16.813481 | P40: 16.345042 | Q40: 16.591134 | R40: 17.051385 | S40: 17.592774 | T40: 18.174524 | U40: 17.319106 | V40: 17.039935 | W40: 17.56188 | DA40: UED.ktoe.BE.ISI.BF_BOF.FINISHING_STEAM.TOTAL.TOTAL
A41: Solids | B41: 0 | C41: 0 | D41: 0 | E41: 0 | F41: 0 | G41: 1.338636 | H41: 0.036087034 | I41: 0 | J41: 0 | K41: 0 | L41: 0 | M41: 0 | N41: 0 | O41: 0 | P41: 0 | Q41: 0.22477805 | R41: 0.20763233 | S41: 0.28735747 | T41: 0.30047246 | U41: 0.29826812 | V41: 0.3000087 | W41: 0.30215845 | DA41: UED.ktoe.BE.ISI.BF_BOF.FINISHING_STEAM.STEAM.NONCOKE_SOLIDS
A42: Refinery gas | B42: 0 | C42: 0 | D42: 0 | E42: 0 | F42: 0 | G42: 0 | H42: 0 | I42: 0 | J42: 0 | K42: 0 | L42: 0 | M42: 0 | N42: 0 | O42: 0 | P42: 0 | Q42: 0 | R42: 0 | S42: 0 | T42: 0 | U42: 0 | V42: 0 | W42: 0 | DA42: UED.ktoe.BE.ISI.BF_BOF.FINISHING_STEAM.STEAM.RFG
A43: LPG | B43: 0 | C43: 0 | D43: 0 | E43: 0 | F43: 0 | G43: 0 | H43: 0 | I43: 0 | J43: 0 | K43: 0 | L43: 0 | M43: 0 | N43: 0 | O43: 0 | P43: 0 | Q43: 0 | R43: 0 | S43: 0 | T43: 0 | U43: 0 | V43: 0 | W43: 0 | DA43: UED.ktoe.BE.ISI.BF_BOF.FINISHING_STEAM.STEAM.LPG
A44: Diesel oil and liquid biofuels | B44: 0.19485926 | C44: 0.34572576 | D44: 0.59143889 | E44: 0.36288723 | F44: 0.29895519 | G44: 0.274577 | H44: 0.22768268 | I44: 0.25999025 | J44: 0.33582043 | K44: 0.30076239 | L44: 0.4001194 | M44: 0.40177524 | N44: 0.40420265 | O44: 0.45512309 | P44: 0.38918855 | Q44: 0.42923972 | R44: 0.364594 | S44: 0.36651929 | T44: 0.3428522 | U44: 0.33281793 | V44: 0.32695523 | W44: 0.29191045 | DA44: UED.ktoe.BE.ISI.BF_BOF.FINISHING_STEAM.STEAM.DIESEL_LIQBIO
A45: Fuel oil | B45: 0.067460993 | C45: 0.2560021 | D45: 0.33828114 | E45: 0.16921084 | F45: 0.22350368 | G45: 0.15973011 | H45: 0.10345878 | I45: 0.31164298 | J45: 0.032166354 | K45: 0 | L45: 0 | M45: 0 | N45: 0.070730265 | O45: 0.054717336 | P45: 0.054510422 | Q45: 0.036401323 | R45: 0.036912626 | S45: 0.038216379 | T45: 0.027793851 | U45: 0.022219041 | V45: 0.023273971 | W45: 0.020965746 | DA45: UED.ktoe.BE.ISI.BF_BOF.FINISHING_STEAM.STEAM.RFO
A46: Other liquids | B46: 69.596871 | C46: 5.5863872 | D46: 0 | E46: 0.61955511 | F46: 0.31206563 | G46: 3.4272684 | H46: 0.30722237 | I46: 0 | J46: 0 | K46: 0 | L46: 0 | M46: 0 | N46: 0 | O46: 0 | P46: 0 | Q46: 0 | R46: 0 | S46: 0 | T46: 0.78024179 | U46: 1.027086 | V46: 1.0252117 | W46: 1.1751736 | DA46: UED.ktoe.BE.ISI.BF_BOF.FINISHING_STEAM.STEAM.OTHER
A47: Natural gas and biogas | B47: 5.2788539 | C47: 9.9543511 | D47: 11.306403 | E47: 10.725585 | F47: 11.820977 | G47: 10.365786 | H47: 10.217718 | I47: 12.573471 | J47: 12.184596 | K47: 6.8676653 | L47: 9.962773 | M47: 9.6755098 | N47: 8.8004132 | O47: 8.2336765 | P47: 8.3914708 | Q47: 9.1538008 | R47: 9.5908553 | S47: 9.7717327 | T47: 9.7645514 | U47: 9.4764063 | V47: 9.5749826 | W47: 8.536695 | DA47: UED.ktoe.BE.ISI.BF_BOF.FINISHING_STEAM.STEAM.NG_BIOGAS
... A78: Steel: Furnaces, refining and rolling - Electric | B78: 28.419252 | C78: 30.943959 | D78: 32.191344 | E78: 33.395422 | F78: 27.870608 | G78: 25.923942 | H78: 34.621669 | I78: 37.775882 | J78: 31.777135 | K78: 29.081811 | L78: 31.772587 | M78: 29.583986 | N78: 29.717845 | O78: 27.308485 | P78: 24.578611 | Q78: 25.334391 | R78: 22.58332 | S78: 23.571246 | T78: 25.538925 | U78: 21.950198 | V78: 21.539357 | W78: 24.065226 | DA78: UED.ktoe.BE.ISI.EAF.REFINING.ELEC.ELEC
A79: Steel: Product finishing | B79: =B80+B84+B95 -> 21.769052 | C79: =C80+C84+C95 -> 17.266772 | D79: =D80+D84+D95 -> 18.1338 | E79: =E80+E84+E95 -> 18.644978 | F79: =F80+F84+F95 -> 16.746506 | G79: =G80+G84+G95 -> 15.286237 | H79: =H80+H84+H95 -> 18.296256 | I79: =I80+I84+I95 -> 18.240394 | ... W79: =W80+W84+W95 -> 10.804893
A80: Steel: Product finishing - Thermal | B80: 5.9759561 | C80: 5.8957305 | D80: 6.4801555 | E80: 6.4768622 | F80: 6.3430494 | G80: 5.6875041 | H80: 6.1299771 | I80: 6.5703318 | J80: 6.0694606 | K80: 4.9362815 | L80: 4.7171988 | M80: 4.5243999 | N80: 4.3426833 | O80: 3.5925141 | P80: 3.4859337 | Q80: 3.8899912 | R80: 3.5821733 | S80: 3.8443184 | T80: 4.4231858 | U80: 4.3713833 | V80: 3.8409101 | W80: 3.7361594 | DA80: UED.ktoe.BE.ISI.EAF.FINISHING.THERM.TOTAL
A81: LPG | B81: 0 | C81: 0 | D81: 0 | E81: 0 | F81: 0 | G81: 0 | H81: 0 | I81: 0 | J81: 0 | K81: 0 | L81: 0 | M81: 0 | N81: 0 | O81: 0 | P81: 0 | Q81: 0 | R81: 0 | S81: 0 | T81: 0 | U81: 0 | V81: 0 | W81: 0 | DA81: UED.ktoe.BE.ISI.EAF.FINISHING.THERM.LPG
A82: Diesel oil and liquid biofuels | B82: 0.20842296 | C82: 0.19386948 | D82: 0.31568589 | E82: 0.20765267 | F82: 0.15325098 | G82: 0.14376034 | H82: 0.13086901 | I82: 0.13036457 | J82: 0.15946207 | K82: 0.20293491 | L82: 0.17845119 | M82: 0.17674159 | N82: 0.18686447 | O82: 0.1844251 | P82: 0.15140175 | Q82: 0.17073727 | R82: 0.12852977 | S82: 0.13616243 | T82: 0.1469895 | U82: 0.14530308 | V82: 0.12424468 | W82: 0.12102049 | DA82: UED.ktoe.BE.ISI.EAF.FINISHING.THERM.DIESEL_LIQBIO
A83: Natural gas and biogas | B83: 5.7675331 | C83: 5.701861 | D83: 6.1644696 | E83: 6.2692095 | F83: 6.1897984 | G83: 5.5437438 | H83: 5.9991081 | I83: 6.4399672 | J83: 5.9099985 | K83: 4.7333465 | L83: 4.5387476 | M83: 4.3476583 | N83: 4.1558188 | O83: 3.408089 | P83: 3.334532 | Q83: 3.719254 | R83: 3.4536435 | S83: 3.708156 | T83: 4.2761963 | U83: 4.2260802 | V83: 3.7166654 | W83: 3.6151389 | DA83: UED.ktoe.BE.ISI.EAF.FINISHING.THERM.NG_BIOGAS
A84: Steel: Product finishing - Steam | B84: 11.074034 | C84: 6.1947798 | D84: 6.2551099 | E84: 6.6148394 | F84: 5.7557908 | G84: 5.2857384 | H84: 6.4279517 | I84: 5.3538429 | J84: 4.7867079 | K84: 4.1013119 | L84: 3.898335 | M84: 3.6779634 | N84: 3.6059033 | O84: 3.1211243 | P84: 2.9188121 | Q84: 3.1021125 | R84: 2.7994522 | S84: 2.9859962 | T84: 3.4326935 | U84: 3.2262782 | V84: 2.9109297 | W84: 3.0989835 | DA84: UED.ktoe.BE.ISI.EAF.FINISHING_STEAM.TOTAL.TOTAL
A85: Solids | B85: 0 | C85: 0 | D85: 0 | E85: 0 | F85: 0 | G85: 0.17568508 | H85: 0.0057966924 | I85: 0 | J85: 0 | K85: 0 | L85: 0 | M85: 0 | N85: 0 | O85: 0 | P85: 0 | Q85: 0.042027677 | R85: 0.034088537 | S85: 0.04877277 | T85: 0.056751411 | U85: 0.055573128 | V85: 0.051250445 | W85: 0.053319123 | DA85: UED.ktoe.BE.ISI.EAF.FINISHING_STEAM.STEAM.NONCOKE_SOLIDS
A86: Refinery gas | B86: 0 | C86: 0 | D86: 0 | E86: 0 | F86: 0 | G86: 0 | H86: 0 | I86: 0 | J86: 0 | K86: 0 | L86: 0 | M86: 0 | N86: 0 | O86: 0 | P86: 0 | Q86: 0 | R86: 0 | S86: 0 | T86: 0 | U86: 0 | V86: 0 | W86: 0 | DA86: UED.ktoe.BE.ISI.EAF.FINISHING_STEAM.STEAM.RFG
A87: LPG | B87: 0 | C87: 0 | D87: 0 | E87: 0 | F87: 0 | G87: 0 | H87: 0 | I87: 0 | J87: 0 | K87: 0 | L87: 0 | M87: 0 | N87: 0 | O87: 0 | P87: 0 | Q87: 0 | R87: 0 | S87: 0 | T87: 0 | U87: 0 | V87: 0 | W87: 0 | DA87: UED.ktoe.BE.ISI.EAF.FINISHING_STEAM.STEAM.LPG
A88: Diesel oil and liquid biofuels | B88: 0.023128667 | C88: 0.046796259 | D88: 0.082669054 | E88: 0.050041949 | F88: 0.038693388 | G88: 0.036035996 | H88: 0.036572871 | I88: 0.048082618 | J88: 0.056132075 | K88: 0.078324756 | L88: 0.078933657 | M88: 0.078283293 | N88: 0.08452803 | O88: 0.084485522 | P88: 0.069499254 | Q88: 0.080256717 | R88: 0.059858097 | S88: 0.062208793 | T88: 0.06475584 | U88: 0.062010427 | V88: 0.055853716 | W88: 0.051510753 | DA88: UED.ktoe.BE.ISI.EAF.FINISHING_STEAM.STEAM.DIESEL_LIQBIO
A89: Fuel oil | B89: 0.0080072296 | C89: 0.034651571 | D89: 0.047283637 | E89: 0.023334082 | F89: 0.028927795 | G89: 0.020963277 | H89: 0.016618677 | I89: 0.05763528 | J89: 0.0053765765 | K89: 0 | L89: 0 | M89: 0 | N89: 0.014791318 | O89: 0.010157302 | P89: 0.0097341858 | Q89: 0.0068061052 | R89: 0.0060602192 | S89: 0.0064864111 | T89: 0.0052495337 | U89: 0.0041398377 | V89: 0.0039758892 | W89: 0.0036996323 | DA89: UED.ktoe.BE.ISI.EAF.FINISHING_STEAM.STEAM.RFO
A90: Other liquids | B90: 8.260746 | C90: 0.75615431 | D90: 0 | E90: 0.085436307 | F90: 0.040390255 | G90: 0.44980107 | H90: 0.049349403 | I90: 0 | J90: 0 | K90: 0 | L90: 0 | M90: 0 | N90: 0 | O90: 0 | P90: 0 | Q90: 0 | R90: 0 | S90: 0 | T90: 0.14736733 | U90: 0.19136602 | V90: 0.17513677 | W90: 0.20737208 | DA90: UED.ktoe.BE.ISI.EAF.FINISHING_STEAM.STEAM.OTHER
A91: Natural gas and biogas | B91: 0.62656942 | C91: 1.347387 | D91: 1.5803656 | E91: 1.4790523 | F91: 1.529974 | G91: 1.3604251 | H91: 1.6412811 | I91: 2.3253387 | J91: 2.036644 | K91: 1.7884823 | L91: 1.9654086 | M91: 1.8852102 | N91: 1.8403679 | O91: 1.5284359 | P91: 1.4985049 | Q91: 1.7115238 | R91: 1.5746017 | S91: 1.6585421 | T91: 1.8442691 | U91: 1.7650313 | V91: 1.6356929 | W91: 1.5063921 | DA91: UED.ktoe.BE.ISI.EAF.FINISHING_STEAM.STEAM.NG_BIOGAS
... A95: Steel: Product finishing - Electric | B95: 4.7190622 | C95: 5.1762618 | D95: 5.3985342 | E95: 5.5532763 | F95: 4.6476659 | G95: 4.3129948 | H95: 5.7383272 | I95: 6.3162194 | J95: 5.2430251 | K95: 4.7903412 | L95: 5.2335644 | M95: 4.8730592 | N95: 4.9173294 | O95: 4.5143123 | P95: 4.0633667 | Q95: 4.1827342 | R95: 3.7284629 | S95: 3.8917904 | T95: 4.2141247 | U95: 3.6211198 | V95: 3.5533661 | W95: 3.9697504 | DA95: UED.ktoe.BE.ISI.EAF.FINISHING.ELEC.ELEC
A98: Market shares of useful energy demand by subsector (%)
A100: Integrated steelworks | B100: =SUM(B$101:B$105,B$109:B$110,B$112:B$114,B$107,B$106) -> 1 | C100: =SUM(C$101:C$105,C$109:C$110,C$112:C$114,C$107,C$106) -> 1 | D100: =SUM(D$101:D$105,D$109:D$110,D$112:D$114,D$107,D$106) -> 1 | E100: =SUM(E$101:E$105,E$109:E$110,E$112:E$114,E$107,E$106) -> 1 | F100: =SUM(F$101:F$105,F$109:F$110,F$112:F$114,F$107,F$106) -> 1 | G100: =SUM(G$101:G$105,G$109:G$110,G$112:G$114,G$107,G$106) -> 1 | H100: =SUM(H$101:H$105,H$109:H$110,H$112:H$114,H$107,H$106) -> 1 | I100: =SUM(I$101:I$105,I$109:I$110,I$112:I$114,I$107,I$106) -> 1 | ... W100: =SUM(W$101:W$105,W$109:W$110,W$112:W$114,W$107,W$106) -> 1
A101: Lighting | B101: =IF(B$6=0,0,B$6/B$5) -> 0.0020870345 | C101: =IF(C$6=0,0,C$6/C$5) -> 0.002097093 | D101: =IF(D$6=0,0,D$6/D$5) -> 0.0020671477 | E101: =IF(E$6=0,0,E$6/E$5) -> 0.0019887045 | F101: =IF(F$6=0,0,F$6/F$5) -> 0.00214711 | G101: =IF(G$6=0,0,G$6/G$5) -> 0.0022221254 | H101: =IF(H$6=0,0,H$6/H$5) -> 0.002381595 | I101: =IF(I$6=0,0,I$6/I$5) -> 0.0024163452 | ... W101: =IF(W$6=0,0,W$6/W$5) -> 0.0025271777
A102: Air compressors | B102: =IF(B$7=0,0,B$7/B$5) -> 0.00028868357 | C102: =IF(C$7=0,0,C$7/C$5) -> 0.00029007489 | D102: =IF(D$7=0,0,D$7/D$5) -> 0.00028593279 | E102: =IF(E$7=0,0,E$7/E$5) -> 0.00027508233 | F102: =IF(F$7=0,0,F$7/F$5) -> 0.00029699336 | G102: =IF(G$7=0,0,G$7/G$5) -> 0.00030736967 | H102: =IF(H$7=0,0,H$7/H$5) -> 0.00032942788 | I102: =IF(I$7=0,0,I$7/I$5) -> 0.00033423461 | ... W102: =IF(W$7=0,0,W$7/W$5) -> 0.00034956522
A103: Motor drives | B103: =IF(B$8=0,0,B$8/B$5) -> 0.039864165 | C103: =IF(C$8=0,0,C$8/C$5) -> 0.040056292 | D103: =IF(D$8=0,0,D$8/D$5) -> 0.039484311 | E103: =IF(E$8=0,0,E$8/E$5) -> 0.037985976 | F103: =IF(F$8=0,0,F$8/F$5) -> 0.04101166 | G103: =IF(G$8=0,0,G$8/G$5) -> 0.042444518 | H103: =IF(H$8=0,0,H$8/H$5) -> 0.045490526 | I103: =IF(I$8=0,0,I$8/I$5) -> 0.046154284 | ... W103: =IF(W$8=0,0,W$8/W$5) -> 0.04827128
A104: Fans and pumps | B104: =IF(B$9=0,0,B$9/B$5) -> 0.00068859599 | C104: =IF(C$9=0,0,C$9/C$5) -> 0.00069191471 | D104: =IF(D$9=0,0,D$9/D$5) -> 0.00068203456 | E104: =IF(E$9=0,0,E$9/E$5) -> 0.00065615299 | F104: =IF(F$9=0,0,F$9/F$5) -> 0.00070841732 | G104: =IF(G$9=0,0,G$9/G$5) -> 0.00073316788 | H104: =IF(H$9=0,0,H$9/H$5) -> 0.00078578327 | I104: =IF(I$9=0,0,I$9/I$5) -> 0.00079724874 | ... W104: =IF(W$9=0,0,W$9/W$5) -> 0.0008338168
A105: Low-enthalpy heat | B105: =IF(B$10=0,0,B$10/B$5) -> 0.0022270565 | C105: =IF(C$10=0,0,C$10/C$5) -> 0.0022555299 | D105: =IF(D$10=0,0,D$10/D$5) -> 0.0022324513 | E105: =IF(E$10=0,0,E$10/E$5) -> 0.0021598996 | F105: =IF(F$10=0,0,F$10/F$5) -> 0.0023003894 | G105: =IF(G$10=0,0,G$10/G$5) -> 0.0023633554 | H105: =IF(H$10=0,0,H$10/H$5) -> 0.0024947469 | I105: =IF(I$10=0,0,I$10/I$5) -> 0.0025373039 | ... W105: =IF(W$10=0,0,W$10/W$5) -> 0.0031393575
A106: Steel: Sinter/Pellet-making | B106: =IF(B$16=0,0,B$16/B$5) -> 0.16032196 | C106: =IF(C$16=0,0,C$16/C$5) -> 0.16464068 | D106: =IF(D$16=0,0,D$16/D$5) -> 0.1639878 | E106: =IF(E$16=0,0,E$16/E$5) -> 0.16361131 | F106: =IF(F$16=0,0,F$16/F$5) -> 0.16855746 | G106: =IF(G$16=0,0,G$16/G$5) -> 0.16946577 | H106: =IF(H$16=0,0,H$16/H$5) -> 0.17098093 | I106: =IF(I$16=0,0,I$16/I$5) -> 0.17273281 | ... W106: =IF(W$16=0,0,W$16/W$5) -> 0.17224933
A107: Steel: Blast /Basic oxygen furnace | B107: =IF(B$22=0,0,B$22/B$5) -> 0.36178306 | C107: =IF(C$22=0,0,C$22/C$5) -> 0.39022667 | D107: =IF(D$22=0,0,D$22/D$5) -> 0.39818639 | E107: =IF(E$22=0,0,E$22/E$5) -> 0.41102388 | F107: =IF(F$22=0,0,F$22/F$5) -> 0.38003729 | G107: =IF(G$22=0,0,G$22/G$5) -> 0.36597697 | H107: =IF(H$22=0,0,H$22/H$5) -> 0.33656592 | I107: =IF(I$22=0,0,I$22/I$5) -> 0.33857867 | ... W107: =IF(W$22=0,0,W$22/W$5) -> 0.32488159
A108: Steel: Furnaces, refining and rolling | B108: =IF(B$28=0,0,B$28/B$5) -> 0.2693358 | C108: =IF(C$28=0,0,C$28/C$5) -> 0.27246387 | D108: =IF(D$28=0,0,D$28/D$5) -> 0.2696795 | E108: =IF(E$28=0,0,E$28/E$5) -> 0.26115588 | F108: =IF(F$28=0,0,F$28/F$5) -> 0.27805071 | G108: =IF(G$28=0,0,G$28/G$5) -> 0.28571846 | H108: =IF(H$28=0,0,H$28/H$5) -> 0.3016239 | I108: =IF(I$28=0,0,I$28/I$5) -> 0.30629923 | ... W108: =IF(W$28=0,0,W$28/W$5) -> 0.31530507
A109: Steel: Furnaces, refining and rolling - Thermal | B109: =IF(B$29=0,0,B$29/B$5) -> 0.15131559 | C109: =IF(C$29=0,0,C$29/C$5) -> 0.14676549 | D109: =IF(D$29=0,0,D$29/D$5) -> 0.14900964 | E109: =IF(E$29=0,0,E$29/E$5) -> 0.14159536 | F109: =IF(F$29=0,0,F$29/F$5) -> 0.1617217 | G109: =IF(G$29=0,0,G$29/G$5) -> 0.16354821 | H109: =IF(H$29=0,0,H$29/H$5) -> 0.15653854 | I109: =IF(I$29=0,0,I$29/I$5) -> 0.15802422 | ... W109: =IF(W$29=0,0,W$29/W$5) -> 0.15306234
A110: Steel: Furnaces, refining and rolling - Electric | B110: =IF(B$34=0,0,B$34/B$5) -> 0.11802021 | C110: =IF(C$34=0,0,C$34/C$5) -> 0.12569837 | D110: =IF(D$34=0,0,D$34/D$5) -> 0.12066986 | E110: =IF(E$34=0,0,E$34/E$5) -> 0.11956052 | F110: =IF(F$34=0,0,F$34/F$5) -> 0.11632901 | G110: =IF(G$34=0,0,G$34/G$5) -> 0.12217025 | H110: =IF(H$34=0,0,H$34/H$5) -> 0.14508536 | I110: =IF(I$34=0,0,I$34/I$5) -> 0.14827501 | ... W110: =IF(W$34=0,0,W$34/W$5) -> 0.16224272
A111: Steel: Product finishing | B111: =IF(B$35=0,0,B$35/B$5) -> 0.16340365 | C111: =IF(C$35=0,0,C$35/C$5) -> 0.12727788 | D111: =IF(D$35=0,0,D$35/D$5) -> 0.12339443 | E111: =IF(E$35=0,0,E$35/E$5) -> 0.12114311 | F111: =IF(F$35=0,0,F$35/F$5) -> 0.12688997 | G111: =IF(G$35=0,0,G$35/G$5) -> 0.13076826 | H111: =IF(H$35=0,0,H$35/H$5) -> 0.13934717 | I111: =IF(I$35=0,0,I$35/I$5) -> 0.13014988 | ... W111: =IF(W$35=0,0,W$35/W$5) -> 0.13244281
A112: Steel: Product finishing - Thermal | B112: =IF(B$36=0,0,B$36/B$5) -> 0.04546127 | C112: =IF(C$36=0,0,C$36/C$5) -> 0.043871435 | D112: =IF(D$36=0,0,D$36/D$5) -> 0.044497494 | E112: =IF(E$36=0,0,E$36/E$5) -> 0.042477208 | F112: =IF(F$36=0,0,F$36/F$5) -> 0.048498702 | G112: =IF(G$36=0,0,G$36/G$5) -> 0.049099445 | H112: =IF(H$36=0,0,H$36/H$5) -> 0.047057069 | I112: =IF(I$36=0,0,I$36/I$5) -> 0.047242305 | ... W112: =IF(W$36=0,0,W$36/W$5) -> 0.046141437
A113: Steel: Product finishing - Steam | B113: =IF(B$40=0,0,B$40/B$5) -> 0.082042757 | C113: =IF(C$40=0,0,C$40/C$5) -> 0.044888734 | D113: =IF(D$40=0,0,D$40/D$5) -> 0.041826648 | E113: =IF(E$40=0,0,E$40/E$5) -> 0.042245853 | F113: =IF(F$40=0,0,F$40/F$5) -> 0.042855399 | G113: =IF(G$40=0,0,G$40/G$5) -> 0.044435323 | H113: =IF(H$40=0,0,H$40/H$5) -> 0.048239556 | I113: =IF(I$40=0,0,I$40/I$5) -> 0.0374924 | ... W113: =IF(W$40=0,0,W$40/W$5) -> 0.037275099
A114: Steel: Product finishing - Electric | B114: =IF(B$51=0,0,B$51/B$5) -> 0.035899622 | C114: =IF(C$51=0,0,C$51/C$5) -> 0.038517709 | D114: =IF(D$51=0,0,D$51/D$5) -> 0.03707029 | E114: =IF(E$51=0,0,E$51/E$5) -> 0.036420054 | F114: =IF(F$51=0,0,F$51/F$5) -> 0.035535867 | G114: =IF(G$51=0,0,G$51/G$5) -> 0.037233494 | H114: =IF(H$51=0,0,H$51/H$5) -> 0.04405055 | I114: =IF(I$51=0,0,I$51/I$5) -> 0.045415175 | ... W114: =IF(W$51=0,0,W$51/W$5) -> 0.049026277
A117: Electric arc | B117: =SUM(B$118:B$122,B$126:B$127,B$129:B$131,B$124,B$123) -> 1 | C117: =SUM(C$118:C$122,C$126:C$127,C$129:C$131,C$124,C$123) -> 1 | D117: =SUM(D$118:D$122,D$126:D$127,D$129:D$131,D$124,D$123) -> 1 | E117: =SUM(E$118:E$122,E$126:E$127,E$129:E$131,E$124,E$123) -> 1 | F117: =SUM(F$118:F$122,F$126:F$127,F$129:F$131,F$124,F$123) -> 1 | G117: =SUM(G$118:G$122,G$126:G$127,G$129:G$131,G$124,G$123) -> 1 | H117: =SUM(H$118:H$122,H$126:H$127,H$129:H$131,H$124,H$123) -> 1 | I117: =SUM(I$118:I$122,I$126:I$127,I$129:I$131,I$124,I$123) -> 1 | ... W117: =SUM(W$118:W$122,W$126:W$127,W$129:W$131,W$124,W$123) -> 1
A118: Lighting | B118: =IF(B$55=0,0,B$55/B$54) -> 0.0018885081 | C118: =IF(C$55=0,0,C$55/C$54) -> 0.0019321706 | D118: =IF(D$55=0,0,D$55/D$54) -> 0.0019298133 | E118: =IF(E$55=0,0,E$55/E$54) -> 0.0019123961 | F118: =IF(F$55=0,0,F$55/F$54) -> 0.0019401187 | G118: =IF(G$55=0,0,G$55/G$54) -> 0.0019529326 | H118: =IF(H$55=0,0,H$55/H$54) -> 0.0019669246 | I118: =IF(I$55=0,0,I$55/I$54) -> 0.0019964313 | ... W118: =IF(W$55=0,0,W$55/W$54) -> 0.0020274119
A119: Air compressors | B119: =IF(B$56=0,0,B$56/B$54) -> 0.00036211332 | C119: =IF(C$56=0,0,C$56/C$54) -> 0.00037048541 | D119: =IF(D$56=0,0,D$56/D$54) -> 0.00037003341 | E119: =IF(E$56=0,0,E$56/E$54) -> 0.00036669373 | F119: =IF(F$56=0,0,F$56/F$54) -> 0.00037200943 | G119: =IF(G$56=0,0,G$56/G$54) -> 0.00037446644 | H119: =IF(H$56=0,0,H$56/H$54) -> 0.00037997725 | I119: =IF(I$56=0,0,I$56/I$54) -> 0.00038280713 | ... W119: =IF(W$56=0,0,W$56/W$54) -> 0.00038874752
A120: Motor drives | B120: =IF(B$57=0,0,B$57/B$54) -> 0.050093161 | C120: =IF(C$57=0,0,C$57/C$54) -> 0.051251318 | D120: =IF(D$57=0,0,D$57/D$54) -> 0.051188792 | E120: =IF(E$57=0,0,E$57/E$54) -> 0.050726795 | F120: =IF(F$57=0,0,F$57/F$54) -> 0.051462146 | G120: =IF(G$57=0,0,G$57/G$54) -> 0.051802036 | H120: =IF(H$57=0,0,H$57/H$54) -> 0.051998263 | I120: =IF(I$57=0,0,I$57/I$54) -> 0.052865556 | ... W120: =IF(W$57=0,0,W$57/W$54) -> 0.053326864
A121: Fans and pumps | B121: =IF(B$58=0,0,B$58/B$54) -> 0.00086369625 | C121: =IF(C$58=0,0,C$58/C$54) -> 0.00088366496 | D121: =IF(D$58=0,0,D$58/D$54) -> 0.00088258689 | E121: =IF(E$58=0,0,E$58/E$54) -> 0.00087462123 | F121: =IF(F$58=0,0,F$58/F$54) -> 0.0008873 | G121: =IF(G$58=0,0,G$58/G$54) -> 0.00089316033 | H121: =IF(H$58=0,0,H$58/H$54) -> 0.00090630447 | I121: =IF(I$58=0,0,I$58/I$54) -> 0.00091305418 | ... W121: =IF(W$58=0,0,W$58/W$54) -> 0.00092722293
A122: Low-enthalpy heat | B122: =IF(B$59=0,0,B$59/B$54) -> 0.0020161974 | C122: =IF(C$59=0,0,C$59/C$54) -> 0.0020791649 | D122: =IF(D$59=0,0,D$59/D$54) -> 0.002085155 | E122: =IF(E$59=0,0,E$59/E$54) -> 0.0020780392 | F122: =IF(F$59=0,0,F$59/F$54) -> 0.0020796389 | G122: =IF(G$59=0,0,G$59/G$54) -> 0.0020780706 | H122: =IF(H$59=0,0,H$59/H$54) -> 0.0020768404 | I122: =IF(I$59=0,0,I$59/I$54) -> 0.0020973961 | ... W122: =IF(W$59=0,0,W$59/W$54) -> 0.0025197623
A123: Steel: Smelters | B123: =IF(B$65=0,0,B$65/B$54) -> 0.08694385 | C123: =IF(C$65=0,0,C$65/C$54) -> 0.091786623 | D123: =IF(D$65=0,0,D$65/D$54) -> 0.092965829 | E123: =IF(E$65=0,0,E$65/E$54) -> 0.096735678 | F123: =IF(F$65=0,0,F$65/F$54) -> 0.091873319 | G123: =IF(G$65=0,0,G$65/G$54) -> 0.08897378 | H123: =IF(H$65=0,0,H$65/H$54) -> 0.082562031 | I123: =IF(I$65=0,0,I$65/I$54) -> 0.082536746 | ... W123: =IF(W$65=0,0,W$65/W$54) -> 0.076751835
A124: Steel: Electric arc | B124: =IF(B$71=0,0,B$71/B$54) -> 0.37158463 | C124: =IF(C$71=0,0,C$71/C$54) -> 0.38017569 | D124: =IF(D$71=0,0,D$71/D$54) -> 0.37971188 | E124: =IF(E$71=0,0,E$71/E$54) -> 0.37628484 | F124: =IF(F$71=0,0,F$71/F$54) -> 0.38173958 | G124: =IF(G$71=0,0,G$71/G$54) -> 0.38426085 | H124: =IF(H$71=0,0,H$71/H$54) -> 0.3899158 | I124: =IF(I$71=0,0,I$71/I$54) -> 0.3928197 | ... W124: =IF(W$71=0,0,W$71/W$54) -> 0.39891547
A125: Steel: Furnaces, refining and rolling | B125: =IF(B$72=0,0,B$72/B$54) -> 0.3640528 | C125: =IF(C$72=0,0,C$72/C$54) -> 0.37498833 | D125: =IF(D$72=0,0,D$72/D$54) -> 0.37607355 | E125: =IF(E$72=0,0,E$72/E$54) -> 0.37513577 | F125: =IF(F$72=0,0,F$72/F$54) -> 0.37530045 | G125: =IF(G$72=0,0,G$72/G$54) -> 0.37509223 | H125: =IF(H$72=0,0,H$72/H$54) -> 0.37489605 | I125: =IF(I$72=0,0,I$72/I$54) -> 0.37802661 | ... W125: =IF(W$72=0,0,W$72/W$54) -> 0.37784896
A126: Steel: Furnaces, refining and rolling - Thermal | B126: =IF(B$73=0,0,B$73/B$54) -> 0.20452856 | C126: =IF(C$73=0,0,C$73/C$54) -> 0.20199136 | D126: =IF(D$73=0,0,D$73/D$54) -> 0.20779698 | E126: =IF(E$73=0,0,E$73/E$54) -> 0.20339378 | F126: =IF(F$73=0,0,F$73/F$54) -> 0.21828474 | G126: =IF(G$73=0,0,G$73/G$54) -> 0.21470668 | H126: =IF(H$73=0,0,H$73/H$54) -> 0.19456574 | I126: =IF(I$73=0,0,I$73/I$54) -> 0.19502941 | ... W126: =IF(W$73=0,0,W$73/W$54) -> 0.18342378
A127: Steel: Furnaces, refining and rolling - Electric | B127: =IF(B$78=0,0,B$78/B$54) -> 0.15952424 | C127: =IF(C$78=0,0,C$78/C$54) -> 0.17299697 | D127: =IF(D$78=0,0,D$78/D$54) -> 0.16827657 | E127: =IF(E$78=0,0,E$78/E$54) -> 0.17174198 | F127: =IF(F$78=0,0,F$78/F$54) -> 0.15701571 | G127: =IF(G$78=0,0,G$78/G$54) -> 0.16038555 | H127: =IF(H$78=0,0,H$78/H$54) -> 0.1803303 | I127: =IF(I$78=0,0,I$78/I$54) -> 0.1829972 | ... W127: =IF(W$78=0,0,W$78/W$54) -> 0.19442518
A128: Steel: Product finishing | B128: =IF(B$79=0,0,B$79/B$54) -> 0.12219504 | C128: =IF(C$79=0,0,C$79/C$54) -> 0.09653255 | D128: =IF(D$79=0,0,D$79/D$54) -> 0.094792365 | E128: =IF(E$79=0,0,E$79/E$54) -> 0.095885165 | F128: =IF(F$79=0,0,F$79/F$54) -> 0.094345432 | G128: =IF(G$79=0,0,G$79/G$54) -> 0.094572481 | H128: =IF(H$79=0,0,H$79/H$54) -> 0.095297813 | I128: =IF(I$79=0,0,I$79/I$54) -> 0.088361696 | ... W128: =IF(W$79=0,0,W$79/W$54) -> 0.087293731
A129: Steel: Product finishing - Thermal | B129: =IF(B$80=0,0,B$80/B$54) -> 0.033544509 | C129: =IF(C$80=0,0,C$80/C$54) -> 0.03296099 | D129: =IF(D$80=0,0,D$80/D$54) -> 0.033874272 | E129: =IF(E$80=0,0,E$80/E$54) -> 0.033308433 | F129: =IF(F$80=0,0,F$80/F$54) -> 0.03573508 | G129: =IF(G$80=0,0,G$80/G$54) -> 0.035187297 | H129: =IF(H$80=0,0,H$80/H$54) -> 0.031928577 | I129: =IF(I$80=0,0,I$80/I$54) -> 0.03182857 | ... W129: =IF(W$80=0,0,W$80/W$54) -> 0.030184777
A130: Steel: Product finishing - Steam | B130: =IF(B$84=0,0,B$84/B$54) -> 0.062161272 | C130: =IF(C$84=0,0,C$84/C$54) -> 0.034632871 | D130: =IF(D$84=0,0,D$84/D$54) -> 0.032697872 | E130: =IF(E$84=0,0,E$84/E$54) -> 0.034018006 | F130: =IF(F$84=0,0,F$84/F$54) -> 0.032426619 | G130: =IF(G$84=0,0,G$84/G$54) -> 0.032701664 | H130: =IF(H$84=0,0,H$84/H$54) -> 0.033480606 | I130: =IF(I$84=0,0,I$84/I$54) -> 0.025935549 | ... W130: =IF(W$84=0,0,W$84/W$54) -> 0.025036973
A131: Steel: Product finishing - Electric | B131: =IF(B$95=0,0,B$95/B$54) -> 0.026489255 | C131: =IF(C$95=0,0,C$95/C$54) -> 0.028938689 | D131: =IF(D$95=0,0,D$95/D$54) -> 0.028220221 | E131: =IF(E$95=0,0,E$95/E$54) -> 0.028558726 | F131: =IF(F$95=0,0,F$95/F$54) -> 0.026183733 | G131: =IF(G$95=0,0,G$95/G$54) -> 0.02668352 | H131: =IF(H$95=0,0,H$95/H$54) -> 0.02988863 | I131: =IF(I$95=0,0,I$95/I$54) -> 0.030597577 | ... W131: =IF(W$95=0,0,W$95/W$54) -> 0.03207198
A134: Ratio of useful energy demand to final energy consumption (system efficiency indicator)
A136: Integrated steelworks | B136: =IF(B$5=0,0,B$5/ISI_fec!B$5) -> 0.5407277 | C136: =IF(C$5=0,0,C$5/ISI_fec!C$5) -> 0.54598571 | D136: =IF(D$5=0,0,D$5/ISI_fec!D$5) -> 0.54536348 | E136: =IF(E$5=0,0,E$5/ISI_fec!E$5) -> 0.5449235 | F136: =IF(F$5=0,0,F$5/ISI_fec!F$5) -> 0.54423648 | G136: =IF(G$5=0,0,G$5/ISI_fec!G$5) -> 0.54406936 | H136: =IF(H$5=0,0,H$5/ISI_fec!H$5) -> 0.55731257 | I136: =IF(I$5=0,0,I$5/ISI_fec!I$5) -> 0.55710166 | ... W136: =IF(W$5=0,0,W$5/ISI_fec!W$5) -> 0.56183817
A137: Lighting | B137: =IF(B$6=0,0,B$6/ISI_fec!B$6) -> 0.48414365 | C137: =IF(C$6=0,0,C$6/ISI_fec!C$6) -> 0.48414365 | D137: =IF(D$6=0,0,D$6/ISI_fec!D$6) -> 0.48414365 | E137: =IF(E$6=0,0,E$6/ISI_fec!E$6) -> 0.48414365 | F137: =IF(F$6=0,0,F$6/ISI_fec!F$6) -> 0.48414365 | G137: =IF(G$6=0,0,G$6/ISI_fec!G$6) -> 0.48414365 | H137: =IF(H$6=0,0,H$6/ISI_fec!H$6) -> 0.48884027 | I137: =IF(I$6=0,0,I$6/ISI_fec!I$6) -> 0.48884027 | ... W137: =IF(W$6=0,0,W$6/ISI_fec!W$6) -> 0.48884027
A138: Air compressors | B138: =IF(B$7=0,0,B$7/ISI_fec!B$7) -> 0.12556481 | C138: =IF(C$7=0,0,C$7/ISI_fec!C$7) -> 0.12556481 | D138: =IF(D$7=0,0,D$7/ISI_fec!D$7) -> 0.12556481 | E138: =IF(E$7=0,0,E$7/ISI_fec!E$7) -> 0.12556481 | F138: =IF(F$7=0,0,F$7/ISI_fec!F$7) -> 0.12556481 | G138: =IF(G$7=0,0,G$7/ISI_fec!G$7) -> 0.12556481 | H138: =IF(H$7=0,0,H$7/ISI_fec!H$7) -> 0.1267829 | I138: =IF(I$7=0,0,I$7/ISI_fec!I$7) -> 0.1267829 | ... W138: =IF(W$7=0,0,W$7/ISI_fec!W$7) -> 0.1267829
A139: Motor drives | B139: =IF(B$8=0,0,B$8/ISI_fec!B$8) -> 0.69356719 | C139: =IF(C$8=0,0,C$8/ISI_fec!C$8) -> 0.69356719 | D139: =IF(D$8=0,0,D$8/ISI_fec!D$8) -> 0.69356719 | E139: =IF(E$8=0,0,E$8/ISI_fec!E$8) -> 0.69356719 | F139: =IF(F$8=0,0,F$8/ISI_fec!F$8) -> 0.69356719 | G139: =IF(G$8=0,0,G$8/ISI_fec!G$8) -> 0.69356719 | H139: =IF(H$8=0,0,H$8/ISI_fec!H$8) -> 0.70029541 | I139: =IF(I$8=0,0,I$8/ISI_fec!I$8) -> 0.70029541 | ... W139: =IF(W$8=0,0,W$8/ISI_fec!W$8) -> 0.70029541
A140: Fans and pumps | B140: =IF(B$9=0,0,B$9/ISI_fec!B$9) -> 0.47921495 | C140: =IF(C$9=0,0,C$9/ISI_fec!C$9) -> 0.47921495 | D140: =IF(D$9=0,0,D$9/ISI_fec!D$9) -> 0.47921495 | E140: =IF(E$9=0,0,E$9/ISI_fec!E$9) -> 0.47921495 | F140: =IF(F$9=0,0,F$9/ISI_fec!F$9) -> 0.47921495 | G140: =IF(G$9=0,0,G$9/ISI_fec!G$9) -> 0.47921495 | H140: =IF(H$9=0,0,H$9/ISI_fec!H$9) -> 0.48386376 | I140: =IF(I$9=0,0,I$9/ISI_fec!I$9) -> 0.48386376 | ... W140: =IF(W$9=0,0,W$9/ISI_fec!W$9) -> 0.48386376
A141: Low-enthalpy heat | B141: =IF(B$10=0,0,B$10/ISI_fec!B$10) -> 0.75088933 | C141: =IF(C$10=0,0,C$10/ISI_fec!C$10) -> 0.7553466 | D141: =IF(D$10=0,0,D$10/ISI_fec!D$10) -> 0.75243061 | E141: =IF(E$10=0,0,E$10/ISI_fec!E$10) -> 0.75440176 | F141: =IF(F$10=0,0,F$10/ISI_fec!F$10) -> 0.74839435 | G141: =IF(G$10=0,0,G$10/ISI_fec!G$10) -> 0.74971441 | H141: =IF(H$10=0,0,H$10/ISI_fec!H$10) -> 0.76590502 | I141: =IF(I$10=0,0,I$10/ISI_fec!I$10) -> 0.76709657 | ... W141: =IF(W$10=0,0,W$10/ISI_fec!W$10) -> 0.81837526
A142: Steel: Sinter/Pellet-making | B142: =IF(B$16=0,0,B$16/ISI_fec!B$16) -> 0.48285078 | C142: =IF(C$16=0,0,C$16/ISI_fec!C$16) -> 0.48068627 | D142: =IF(D$16=0,0,D$16/ISI_fec!D$16) -> 0.4794912 | E142: =IF(E$16=0,0,E$16/ISI_fec!E$16) -> 0.47548978 | F142: =IF(F$16=0,0,F$16/ISI_fec!F$16) -> 0.4779846 | G142: =IF(G$16=0,0,G$16/ISI_fec!G$16) -> 0.47950913 | H142: =IF(H$16=0,0,H$16/ISI_fec!H$16) -> 0.49783853 | I142: =IF(I$16=0,0,I$16/ISI_fec!I$16) -> 0.49977839 | ... W142: =IF(W$16=0,0,W$16/ISI_fec!W$16) -> 0.51339585
A143: Steel: Blast /Basic oxygen furnace | B143: =IF(B$22=0,0,B$22/ISI_fec!B$22) -> 0.56758911 | C143: =IF(C$22=0,0,C$22/ISI_fec!C$22) -> 0.56611168 | D143: =IF(D$22=0,0,D$22/ISI_fec!D$22) -> 0.56566988 | E143: =IF(E$22=0,0,E$22/ISI_fec!E$22) -> 0.56492055 | F143: =IF(F$22=0,0,F$22/ISI_fec!F$22) -> 0.56742503 | G143: =IF(G$22=0,0,G$22/ISI_fec!G$22) -> 0.56645524 | H143: =IF(H$22=0,0,H$22/ISI_fec!H$22) -> 0.57771042 | I143: =IF(I$22=0,0,I$22/ISI_fec!I$22) -> 0.57792269 | ... W143: =IF(W$22=0,0,W$22/ISI_fec!W$22) -> 0.57903229
A144: Steel: Furnaces, refining and rolling | B144: =IF(B$28=0,0,B$28/ISI_fec!B$28) -> 0.55472385 | C144: =IF(C$28=0,0,C$28/ISI_fec!C$28) -> 0.55694381 | D144: =IF(D$28=0,0,D$28/ISI_fec!D$28) -> 0.55463889 | E144: =IF(E$28=0,0,E$28/ISI_fec!E$28) -> 0.5570229 | F144: =IF(F$28=0,0,F$28/ISI_fec!F$28) -> 0.5523189 | G144: =IF(G$28=0,0,G$28/ISI_fec!G$28) -> 0.55357523 | H144: =IF(H$28=0,0,H$28/ISI_fec!H$28) -> 0.56584522 | I144: =IF(I$28=0,0,I$28/ISI_fec!I$28) -> 0.56554178 | ... W144: =IF(W$28=0,0,W$28/ISI_fec!W$28) -> 0.57009788
A145: Steel: Product finishing | B145: =IF(B$35=0,0,B$35/ISI_fec!B$35) -> 0.50138665 | C145: =IF(C$35=0,0,C$35/ISI_fec!C$35) -> 0.52661731 | D145: =IF(D$35=0,0,D$35/ISI_fec!D$35) -> 0.52817573 | E145: =IF(E$35=0,0,E$35/ISI_fec!E$35) -> 0.52829473 | F145: =IF(F$35=0,0,F$35/ISI_fec!F$35) -> 0.52623288 | G145: =IF(G$35=0,0,G$35/ISI_fec!G$35) -> 0.52422078 | H145: =IF(H$35=0,0,H$35/ISI_fec!H$35) -> 0.54024765 | I145: =IF(I$35=0,0,I$35/ISI_fec!I$35) -> 0.53452618 | ... W145: =IF(W$35=0,0,W$35/ISI_fec!W$35) -> 0.53448028
